metric,group,time_bin_start_day,n_wells,center,error,metric_label
network_bursts_rate_ratio,10uM,-6,12,0.5949771151433119,0.1406674822842293,network_bursts_rate (ratio to baseline)
network_bursts_rate_ratio,20uM,-6,6,0.5341799409160188,0.1255002905794097,network_bursts_rate (ratio to baseline)
network_bursts_rate_ratio,CT,-6,10,0.40869530705166335,0.06664540495091639,network_bursts_rate (ratio to baseline)
network_bursts_rate_ratio,IVH-E,-6,10,0.4851845631510421,0.06612567409891779,network_bursts_rate (ratio to baseline)
network_bursts_rate_ratio,IVH-L,-6,11,0.3883917101015248,0.03847603370837739,network_bursts_rate (ratio to baseline)
network_bursts_rate_ratio,NPH,-6,11,0.45975042787192477,0.09696674798663002,network_bursts_rate (ratio to baseline)
network_bursts_rate_ratio,10uM,-3,4,0.8307385226596814,0.17905328431311424,network_bursts_rate (ratio to baseline)
network_bursts_rate_ratio,20uM,-3,3,0.8699792823457108,0.183306297692199,network_bursts_rate (ratio to baseline)
network_bursts_rate_ratio,CT,-3,4,0.9482630646081722,0.07934338890243701,network_bursts_rate (ratio to baseline)
network_bursts_rate_ratio,IVH-E,-3,4,0.8925110549982854,0.1879267753665766,network_bursts_rate (ratio to baseline)
network_bursts_rate_ratio,IVH-L,-3,4,0.8868670896820722,0.05437343835215476,network_bursts_rate (ratio to baseline)
network_bursts_rate_ratio,NPH,-3,4,0.7801606521632902,0.07020862784806133,network_bursts_rate (ratio to baseline)
network_bursts_rate_ratio,10uM,0,16,1.4570287821245977,0.29458615990124576,network_bursts_rate (ratio to baseline)
network_bursts_rate_ratio,20uM,0,12,1.2148027017670835,0.10634057087495298,network_bursts_rate (ratio to baseline)
network_bursts_rate_ratio,CT,0,16,1.1324493500903396,0.08097769060676419,network_bursts_rate (ratio to baseline)
network_bursts_rate_ratio,IVH-E,0,16,1.157493420520368,0.07998578861171388,network_bursts_rate (ratio to baseline)
network_bursts_rate_ratio,IVH-L,0,16,1.0733595263406777,0.060349407182758566,network_bursts_rate (ratio to baseline)
network_bursts_rate_ratio,NPH,0,16,0.9906613130469206,0.059415519905963096,network_bursts_rate (ratio to baseline)
network_bursts_rate_ratio,10uM,3,12,1.0998348652387786,0.15813193541089698,network_bursts_rate (ratio to baseline)
network_bursts_rate_ratio,20uM,3,9,1.8661536139719368,0.5476444236858456,network_bursts_rate (ratio to baseline)
network_bursts_rate_ratio,CT,3,12,0.959033712729362,0.06359367090558048,network_bursts_rate (ratio to baseline)
network_bursts_rate_ratio,IVH-E,3,10,1.3016738611865186,0.19278828364789374,network_bursts_rate (ratio to baseline)
network_bursts_rate_ratio,IVH-L,3,11,1.3296906689734038,0.6277505155676132,network_bursts_rate (ratio to baseline)
network_bursts_rate_ratio,NPH,3,12,0.5555453298719373,0.054767089605079734,network_bursts_rate (ratio to baseline)
network_bursts_rate_ratio,10uM,6,12,1.6424380994719676,0.5257707311033586,network_bursts_rate (ratio to baseline)
network_bursts_rate_ratio,20uM,6,9,2.018060709598513,0.3254068976735615,network_bursts_rate (ratio to baseline)
network_bursts_rate_ratio,CT,6,11,1.2688194490107856,0.07755028135855564,network_bursts_rate (ratio to baseline)
network_bursts_rate_ratio,IVH-E,6,9,2.3569016641668417,0.2965137096044248,network_bursts_rate (ratio to baseline)
network_bursts_rate_ratio,IVH-L,6,9,2.216351055701272,1.1023239810251453,network_bursts_rate (ratio to baseline)
network_bursts_rate_ratio,NPH,6,12,0.5413117881812255,0.08456737656648003,network_bursts_rate (ratio to baseline)
network_bursts_rate_ratio,10uM,9,16,2.2543118700689098,0.7814914226442846,network_bursts_rate (ratio to baseline)
network_bursts_rate_ratio,20uM,9,11,1.903075521171914,0.24744207558580614,network_bursts_rate (ratio to baseline)
network_bursts_rate_ratio,CT,9,15,1.431587578707826,0.1612667083895016,network_bursts_rate (ratio to baseline)
network_bursts_rate_ratio,IVH-E,9,8,2.8994634803386434,0.6404677695501539,network_bursts_rate (ratio to baseline)
network_bursts_rate_ratio,IVH-L,9,12,1.7339282667664604,0.5808982179293842,network_bursts_rate (ratio to baseline)
network_bursts_rate_ratio,NPH,9,15,0.9308902711575009,0.24403258270092731,network_bursts_rate (ratio to baseline)
network_bursts_count_ratio,10uM,-6,12,0.5949736858242963,0.1406663666334854,network_bursts_count (ratio to baseline)
network_bursts_count_ratio,20uM,-6,6,0.5340954195443359,0.12544099226798303,network_bursts_count (ratio to baseline)
network_bursts_count_ratio,CT,-6,10,0.40865959364815196,0.0666225539477857,network_bursts_count (ratio to baseline)
network_bursts_count_ratio,IVH-E,-6,10,0.48518716577540094,0.06610753354931527,network_bursts_count (ratio to baseline)
network_bursts_count_ratio,IVH-L,-6,11,0.38839826839826835,0.03848017744519924,network_bursts_count (ratio to baseline)
network_bursts_count_ratio,NPH,-6,11,0.4597268907563025,0.0969501294114195,network_bursts_count (ratio to baseline)
network_bursts_count_ratio,10uM,-3,4,0.8308486245518021,0.17909926243327537,network_bursts_count (ratio to baseline)
network_bursts_count_ratio,20uM,-3,3,0.8701278082083036,0.18334886431820152,network_bursts_count (ratio to baseline)
network_bursts_count_ratio,CT,-3,4,0.948365577976562,0.07934737003185946,network_bursts_count (ratio to baseline)
network_bursts_count_ratio,IVH-E,-3,4,0.8927139037433156,0.18803222463634253,network_bursts_count (ratio to baseline)
network_bursts_count_ratio,IVH-L,-3,4,0.886969696969697,0.054384442489928235,network_bursts_count (ratio to baseline)
network_bursts_count_ratio,NPH,-3,4,0.7802275910364145,0.07025833001717427,network_bursts_count (ratio to baseline)
network_bursts_count_ratio,10uM,0,16,1.4570679573385057,0.2946291791192489,network_bursts_count (ratio to baseline)
network_bursts_count_ratio,20uM,0,12,1.2147932047312853,0.10633248973568901,network_bursts_count (ratio to baseline)
network_bursts_count_ratio,CT,0,16,1.1324363775050275,0.0809629637052153,network_bursts_count (ratio to baseline)
network_bursts_count_ratio,IVH-E,0,16,1.1575033422459893,0.07996877827110642,network_bursts_count (ratio to baseline)
network_bursts_count_ratio,IVH-L,0,16,1.0733766233766233,0.060337387361298025,network_bursts_count (ratio to baseline)
network_bursts_count_ratio,NPH,0,16,0.9906674544817926,0.059419189608655956,network_bursts_count (ratio to baseline)
network_bursts_count_ratio,10uM,3,12,1.0999328490014257,0.15815004869218105,network_bursts_count (ratio to baseline)
network_bursts_count_ratio,20uM,3,9,1.8663173771532904,0.5476696271055607,network_bursts_count (ratio to baseline)
network_bursts_count_ratio,CT,3,12,0.9590929893904722,0.06357912677625757,network_bursts_count (ratio to baseline)
network_bursts_count_ratio,IVH-E,3,10,1.3018716577540106,0.19280041483843074,network_bursts_count (ratio to baseline)
network_bursts_count_ratio,IVH-L,3,11,1.3300118063754425,0.6279631815409312,network_bursts_count (ratio to baseline)
network_bursts_count_ratio,NPH,3,12,0.5556022408963587,0.0547747988820763,network_bursts_count (ratio to baseline)
network_bursts_count_ratio,10uM,6,12,1.642452609507704,0.5258314653972513,network_bursts_count (ratio to baseline)
network_bursts_count_ratio,20uM,6,9,2.0180201635309993,0.32544215507985136,network_bursts_count (ratio to baseline)
network_bursts_count_ratio,CT,6,11,1.2688052146175715,0.0775747726873733,network_bursts_count (ratio to baseline)
network_bursts_count_ratio,IVH-E,6,9,2.3562091503267975,0.2963572591632236,network_bursts_count (ratio to baseline)
network_bursts_count_ratio,IVH-L,6,9,2.2164502164502164,1.1023374175306044,network_bursts_count (ratio to baseline)
network_bursts_count_ratio,NPH,6,12,0.5412838468720822,0.08456225577837036,network_bursts_count (ratio to baseline)
network_bursts_count_ratio,10uM,9,16,2.2543617436679675,0.7816069073977561,network_bursts_count (ratio to baseline)
network_bursts_count_ratio,20uM,9,11,1.9030288596852065,0.24746874744794534,network_bursts_count (ratio to baseline)
network_bursts_count_ratio,CT,9,15,1.4314742851859559,0.16126277197346883,network_bursts_count (ratio to baseline)
network_bursts_count_ratio,IVH-E,9,8,2.897794117647059,0.6403039197244024,network_bursts_count (ratio to baseline)
network_bursts_count_ratio,IVH-L,9,12,1.733881673881674,0.5809321937654434,network_bursts_count (ratio to baseline)
network_bursts_count_ratio,NPH,9,15,0.9308253968253968,0.24396815441082487,network_bursts_count (ratio to baseline)
network_bursts_duration_mean_ratio,10uM,-6,12,1.039001819493959,0.15825033878740352,network_bursts_duration_mean (ratio to baseline)
network_bursts_duration_mean_ratio,20uM,-6,6,1.4876845866385986,0.18900606923003369,network_bursts_duration_mean (ratio to baseline)
network_bursts_duration_mean_ratio,CT,-6,10,1.2173733578663284,0.1175089893387521,network_bursts_duration_mean (ratio to baseline)
network_bursts_duration_mean_ratio,IVH-E,-6,10,1.0918953809439125,0.13912671783610897,network_bursts_duration_mean (ratio to baseline)
network_bursts_duration_mean_ratio,IVH-L,-6,11,1.1377117134303456,0.18017483996055184,network_bursts_duration_mean (ratio to baseline)
network_bursts_duration_mean_ratio,NPH,-6,11,1.0526210424212956,0.21873443455805186,network_bursts_duration_mean (ratio to baseline)
network_bursts_duration_mean_ratio,10uM,-3,4,1.3823187138036563,0.16677275919806092,network_bursts_duration_mean (ratio to baseline)
network_bursts_duration_mean_ratio,20uM,-3,3,1.457250082158475,0.17707485172697326,network_bursts_duration_mean (ratio to baseline)
network_bursts_duration_mean_ratio,CT,-3,4,1.160521493894731,0.031086675635153844,network_bursts_duration_mean (ratio to baseline)
network_bursts_duration_mean_ratio,IVH-E,-3,4,1.1319655558766817,0.024612869719555792,network_bursts_duration_mean (ratio to baseline)
network_bursts_duration_mean_ratio,IVH-L,-3,4,1.1748381179834557,0.14735587075292675,network_bursts_duration_mean (ratio to baseline)
network_bursts_duration_mean_ratio,NPH,-3,4,1.4999569777301756,0.07468162921319932,network_bursts_duration_mean (ratio to baseline)
network_bursts_duration_mean_ratio,10uM,0,16,0.9337212741069296,0.06329547114190878,network_bursts_duration_mean (ratio to baseline)
network_bursts_duration_mean_ratio,20uM,0,12,0.9940289532830616,0.06394070047477748,network_bursts_duration_mean (ratio to baseline)
network_bursts_duration_mean_ratio,CT,0,16,0.9681473661465629,0.03506936918637504,network_bursts_duration_mean (ratio to baseline)
network_bursts_duration_mean_ratio,IVH-E,0,16,0.9524497347173355,0.04397976358590969,network_bursts_duration_mean (ratio to baseline)
network_bursts_duration_mean_ratio,IVH-L,0,16,0.9377482161382448,0.054738175095352774,network_bursts_duration_mean (ratio to baseline)
network_bursts_duration_mean_ratio,NPH,0,16,0.9618058043148268,0.03818350700336324,network_bursts_duration_mean (ratio to baseline)
network_bursts_duration_mean_ratio,10uM,3,12,0.7323877981621939,0.051046101295547104,network_bursts_duration_mean (ratio to baseline)
network_bursts_duration_mean_ratio,20uM,3,9,0.7254387762085279,0.07195660426870874,network_bursts_duration_mean (ratio to baseline)
network_bursts_duration_mean_ratio,CT,3,12,0.7578096452491145,0.050598751523497285,network_bursts_duration_mean (ratio to baseline)
network_bursts_duration_mean_ratio,IVH-E,3,10,0.7024179196512633,0.034188324004249225,network_bursts_duration_mean (ratio to baseline)
network_bursts_duration_mean_ratio,IVH-L,3,11,0.5723714763738645,0.06498337360318096,network_bursts_duration_mean (ratio to baseline)
network_bursts_duration_mean_ratio,NPH,3,12,0.7070264966164985,0.05263185878672137,network_bursts_duration_mean (ratio to baseline)
network_bursts_duration_mean_ratio,10uM,6,12,0.6854318632944184,0.045129203219920436,network_bursts_duration_mean (ratio to baseline)
network_bursts_duration_mean_ratio,20uM,6,9,0.7776003991828158,0.11009209825433619,network_bursts_duration_mean (ratio to baseline)
network_bursts_duration_mean_ratio,CT,6,11,0.6341330637472269,0.028945014334955086,network_bursts_duration_mean (ratio to baseline)
network_bursts_duration_mean_ratio,IVH-E,6,9,0.49616664218839723,0.05988122756635619,network_bursts_duration_mean (ratio to baseline)
network_bursts_duration_mean_ratio,IVH-L,6,9,0.5065228454673577,0.06091243444629652,network_bursts_duration_mean (ratio to baseline)
network_bursts_duration_mean_ratio,NPH,6,12,0.725425380361187,0.07703159170607889,network_bursts_duration_mean (ratio to baseline)
network_bursts_duration_mean_ratio,10uM,9,16,0.7085188544694107,0.060063787499189336,network_bursts_duration_mean (ratio to baseline)
network_bursts_duration_mean_ratio,20uM,9,11,0.8720021942828055,0.07782713216116167,network_bursts_duration_mean (ratio to baseline)
network_bursts_duration_mean_ratio,CT,9,15,0.6165850218984946,0.03970839937678051,network_bursts_duration_mean (ratio to baseline)
network_bursts_duration_mean_ratio,IVH-E,9,8,0.44642629738211337,0.04999106840838135,network_bursts_duration_mean (ratio to baseline)
network_bursts_duration_mean_ratio,IVH-L,9,12,0.5951866492386466,0.04657720390024857,network_bursts_duration_mean (ratio to baseline)
network_bursts_duration_mean_ratio,NPH,9,15,0.6893368407519134,0.058354961837947465,network_bursts_duration_mean (ratio to baseline)
network_bursts_inter_event_interval_mean_ratio,10uM,-6,12,1.8224890941394547,0.5118760589096008,network_bursts_inter_event_interval_mean (ratio to baseline)
network_bursts_inter_event_interval_mean_ratio,20uM,-6,6,2.3795242344434806,0.7105511144608522,network_bursts_inter_event_interval_mean (ratio to baseline)
network_bursts_inter_event_interval_mean_ratio,CT,-6,10,2.9877168710792232,0.4697335245158822,network_bursts_inter_event_interval_mean (ratio to baseline)
network_bursts_inter_event_interval_mean_ratio,IVH-E,-6,10,2.243456973100099,0.30371540116978224,network_bursts_inter_event_interval_mean (ratio to baseline)
network_bursts_inter_event_interval_mean_ratio,IVH-L,-6,11,2.35867793314791,0.24273696068529504,network_bursts_inter_event_interval_mean (ratio to baseline)
network_bursts_inter_event_interval_mean_ratio,NPH,-6,11,2.323005854415079,0.4882181988803127,network_bursts_inter_event_interval_mean (ratio to baseline)
network_bursts_inter_event_interval_mean_ratio,10uM,-3,4,1.3743846540528473,0.34367374019847075,network_bursts_inter_event_interval_mean (ratio to baseline)
network_bursts_inter_event_interval_mean_ratio,20uM,-3,3,1.2223442868987378,0.35824238471357595,network_bursts_inter_event_interval_mean (ratio to baseline)
network_bursts_inter_event_interval_mean_ratio,CT,-3,4,1.0429031985579063,0.10082405991012088,network_bursts_inter_event_interval_mean (ratio to baseline)
network_bursts_inter_event_interval_mean_ratio,IVH-E,-3,4,1.2198067168210867,0.24760213271581785,network_bursts_inter_event_interval_mean (ratio to baseline)
network_bursts_inter_event_interval_mean_ratio,IVH-L,-3,4,1.0884861816304958,0.04178031934554432,network_bursts_inter_event_interval_mean (ratio to baseline)
network_bursts_inter_event_interval_mean_ratio,NPH,-3,4,1.2829162372419032,0.09358333590225787,network_bursts_inter_event_interval_mean (ratio to baseline)
network_bursts_inter_event_interval_mean_ratio,10uM,0,16,0.9104037946962802,0.12406615285305672,network_bursts_inter_event_interval_mean (ratio to baseline)
network_bursts_inter_event_interval_mean_ratio,20uM,0,12,0.8486439945559132,0.08572156654313019,network_bursts_inter_event_interval_mean (ratio to baseline)
network_bursts_inter_event_interval_mean_ratio,CT,0,16,0.8932801630599347,0.06734918575437857,network_bursts_inter_event_interval_mean (ratio to baseline)
network_bursts_inter_event_interval_mean_ratio,IVH-E,0,16,0.8761389026227974,0.059825779881093,network_bursts_inter_event_interval_mean (ratio to baseline)
network_bursts_inter_event_interval_mean_ratio,IVH-L,0,16,0.9311279053788978,0.051655505801905706,network_bursts_inter_event_interval_mean (ratio to baseline)
network_bursts_inter_event_interval_mean_ratio,NPH,0,16,1.0205639463162517,0.05864659074389549,network_bursts_inter_event_interval_mean (ratio to baseline)
network_bursts_inter_event_interval_mean_ratio,10uM,3,12,1.2695606431494293,0.2774674261383037,network_bursts_inter_event_interval_mean (ratio to baseline)
network_bursts_inter_event_interval_mean_ratio,20uM,3,9,0.7661619744450007,0.15547677713266858,network_bursts_inter_event_interval_mean (ratio to baseline)
network_bursts_inter_event_interval_mean_ratio,CT,3,12,1.027542132870557,0.05484657674697842,network_bursts_inter_event_interval_mean (ratio to baseline)
network_bursts_inter_event_interval_mean_ratio,IVH-E,3,10,0.787833133074116,0.07102039760845284,network_bursts_inter_event_interval_mean (ratio to baseline)
network_bursts_inter_event_interval_mean_ratio,IVH-L,3,11,1.292876512693441,0.16915237358352328,network_bursts_inter_event_interval_mean (ratio to baseline)
network_bursts_inter_event_interval_mean_ratio,NPH,3,12,1.7886671498693032,0.14437136051936678,network_bursts_inter_event_interval_mean (ratio to baseline)
network_bursts_inter_event_interval_mean_ratio,10uM,6,12,1.0810158543485997,0.2656444917549014,network_bursts_inter_event_interval_mean (ratio to baseline)
network_bursts_inter_event_interval_mean_ratio,20uM,6,9,0.6085934383729867,0.11481724878096317,network_bursts_inter_event_interval_mean (ratio to baseline)
network_bursts_inter_event_interval_mean_ratio,CT,6,11,0.7703068433311028,0.06188061354626381,network_bursts_inter_event_interval_mean (ratio to baseline)
network_bursts_inter_event_interval_mean_ratio,IVH-E,6,9,0.508820699714616,0.08988948232601933,network_bursts_inter_event_interval_mean (ratio to baseline)
network_bursts_inter_event_interval_mean_ratio,IVH-L,6,9,0.853103622575013,0.15165760116660357,network_bursts_inter_event_interval_mean (ratio to baseline)
network_bursts_inter_event_interval_mean_ratio,NPH,6,12,1.7390106517088377,0.27708172701170103,network_bursts_inter_event_interval_mean (ratio to baseline)
network_bursts_inter_event_interval_mean_ratio,10uM,9,16,0.840672877484931,0.14113908056504454,network_bursts_inter_event_interval_mean (ratio to baseline)
network_bursts_inter_event_interval_mean_ratio,20uM,9,11,0.6199632889005108,0.10833393096846955,network_bursts_inter_event_interval_mean (ratio to baseline)
network_bursts_inter_event_interval_mean_ratio,CT,9,15,0.9145577782600705,0.21120837004230109,network_bursts_inter_event_interval_mean (ratio to baseline)
network_bursts_inter_event_interval_mean_ratio,IVH-E,9,8,0.5193613736755369,0.1559784828581997,network_bursts_inter_event_interval_mean (ratio to baseline)
network_bursts_inter_event_interval_mean_ratio,IVH-L,9,12,0.8550363964582187,0.17999136640726962,network_bursts_inter_event_interval_mean (ratio to baseline)
network_bursts_inter_event_interval_mean_ratio,NPH,9,15,0.9600365684507667,0.15804129239017392,network_bursts_inter_event_interval_mean (ratio to baseline)
network_bursts_burst_peak_mean_ratio,10uM,-6,12,0.7399297056259674,0.13627030497102796,network_bursts_burst_peak_mean (ratio to baseline)
network_bursts_burst_peak_mean_ratio,20uM,-6,6,0.9088039092757345,0.24691225461041336,network_bursts_burst_peak_mean (ratio to baseline)
network_bursts_burst_peak_mean_ratio,CT,-6,10,0.9117434185320159,0.17359799329811085,network_bursts_burst_peak_mean (ratio to baseline)
network_bursts_burst_peak_mean_ratio,IVH-E,-6,10,0.5863473332911917,0.11326898514254435,network_bursts_burst_peak_mean (ratio to baseline)
network_bursts_burst_peak_mean_ratio,IVH-L,-6,11,0.8658866869177101,0.21874600216358708,network_bursts_burst_peak_mean (ratio to baseline)
network_bursts_burst_peak_mean_ratio,NPH,-6,11,1.1704618122522847,0.18398263192295586,network_bursts_burst_peak_mean (ratio to baseline)
network_bursts_burst_peak_mean_ratio,10uM,-3,4,1.226702715230376,0.17824186515171891,network_bursts_burst_peak_mean (ratio to baseline)
network_bursts_burst_peak_mean_ratio,20uM,-3,3,1.3099445198106308,0.17194045960656348,network_bursts_burst_peak_mean (ratio to baseline)
network_bursts_burst_peak_mean_ratio,CT,-3,4,1.0811202806831899,0.13073388349377565,network_bursts_burst_peak_mean (ratio to baseline)
network_bursts_burst_peak_mean_ratio,IVH-E,-3,4,1.0044396066691874,0.16371550563273057,network_bursts_burst_peak_mean (ratio to baseline)
network_bursts_burst_peak_mean_ratio,IVH-L,-3,4,1.128869232913349,0.15220385333515007,network_bursts_burst_peak_mean (ratio to baseline)
network_bursts_burst_peak_mean_ratio,NPH,-3,4,1.5432691086411658,0.17920332432612818,network_bursts_burst_peak_mean (ratio to baseline)
network_bursts_burst_peak_mean_ratio,10uM,0,16,0.9474926491261546,0.06420591238260015,network_bursts_burst_peak_mean (ratio to baseline)
network_bursts_burst_peak_mean_ratio,20uM,0,12,0.9787992607026949,0.06995334484387211,network_bursts_burst_peak_mean (ratio to baseline)
network_bursts_burst_peak_mean_ratio,CT,0,16,0.9543291596368499,0.055234997314431704,network_bursts_burst_peak_mean (ratio to baseline)
network_bursts_burst_peak_mean_ratio,IVH-E,0,16,0.9543195947242057,0.06409256145135314,network_bursts_burst_peak_mean (ratio to baseline)
network_bursts_burst_peak_mean_ratio,IVH-L,0,16,1.0541536989854912,0.07476659235181696,network_bursts_burst_peak_mean (ratio to baseline)
network_bursts_burst_peak_mean_ratio,NPH,0,16,1.1323404715303917,0.08792238125528763,network_bursts_burst_peak_mean (ratio to baseline)
network_bursts_burst_peak_mean_ratio,10uM,3,12,1.0293635322078265,0.1100754455159447,network_bursts_burst_peak_mean (ratio to baseline)
network_bursts_burst_peak_mean_ratio,20uM,3,9,0.8492330675388273,0.1205062115331697,network_bursts_burst_peak_mean (ratio to baseline)
network_bursts_burst_peak_mean_ratio,CT,3,12,0.7967093339539194,0.12798027325613834,network_bursts_burst_peak_mean (ratio to baseline)
network_bursts_burst_peak_mean_ratio,IVH-E,3,10,0.9600773871264178,0.1410229763768188,network_bursts_burst_peak_mean (ratio to baseline)
network_bursts_burst_peak_mean_ratio,IVH-L,3,11,0.9677598170409667,0.17178668039619105,network_bursts_burst_peak_mean (ratio to baseline)
network_bursts_burst_peak_mean_ratio,NPH,3,12,1.1510240629351034,0.1056232680322818,network_bursts_burst_peak_mean (ratio to baseline)
network_bursts_burst_peak_mean_ratio,10uM,6,12,1.031500553938055,0.13484185609470128,network_bursts_burst_peak_mean (ratio to baseline)
network_bursts_burst_peak_mean_ratio,20uM,6,9,1.0154583524797132,0.2649318848280139,network_bursts_burst_peak_mean (ratio to baseline)
network_bursts_burst_peak_mean_ratio,CT,6,11,0.7261479347922578,0.09772239231750744,network_bursts_burst_peak_mean (ratio to baseline)
network_bursts_burst_peak_mean_ratio,IVH-E,6,9,0.4813443724681008,0.10204021880064458,network_bursts_burst_peak_mean (ratio to baseline)
network_bursts_burst_peak_mean_ratio,IVH-L,6,9,0.5195276039513473,0.10629156351317158,network_bursts_burst_peak_mean (ratio to baseline)
network_bursts_burst_peak_mean_ratio,NPH,6,12,1.6188343173383615,0.24800673003349546,network_bursts_burst_peak_mean (ratio to baseline)
network_bursts_burst_peak_mean_ratio,10uM,9,16,1.046167195377861,0.15261359781848235,network_bursts_burst_peak_mean (ratio to baseline)
network_bursts_burst_peak_mean_ratio,20uM,9,11,0.8075000958346443,0.07989258014962597,network_bursts_burst_peak_mean (ratio to baseline)
network_bursts_burst_peak_mean_ratio,CT,9,15,0.7117318537961326,0.16691922773042586,network_bursts_burst_peak_mean (ratio to baseline)
network_bursts_burst_peak_mean_ratio,IVH-E,9,8,0.5479546660605479,0.11894317140801518,network_bursts_burst_peak_mean (ratio to baseline)
network_bursts_burst_peak_mean_ratio,IVH-L,9,12,0.7087109118024331,0.15830039784612712,network_bursts_burst_peak_mean (ratio to baseline)
network_bursts_burst_peak_mean_ratio,NPH,9,15,1.233177883403562,0.19017199626590378,network_bursts_burst_peak_mean (ratio to baseline)
n_units_network_json_ratio,10uM,-6,12,0.9214294554373798,0.0940834305238699,n_units_network_json (ratio to baseline)
n_units_network_json_ratio,20uM,-6,9,0.6691621210821257,0.15535749574445926,n_units_network_json (ratio to baseline)
n_units_network_json_ratio,CT,-6,12,0.9025714536020911,0.11923318419075238,n_units_network_json (ratio to baseline)
n_units_network_json_ratio,IVH-E,-6,12,0.7845525240709227,0.13497397790461538,n_units_network_json (ratio to baseline)
n_units_network_json_ratio,IVH-L,-6,12,1.0617093419597738,0.16653397590030652,n_units_network_json (ratio to baseline)
n_units_network_json_ratio,NPH,-6,12,1.0565985978686248,0.11012496015427312,n_units_network_json (ratio to baseline)
n_units_network_json_ratio,10uM,-3,4,1.0282854055423394,0.022003035524700554,n_units_network_json (ratio to baseline)
n_units_network_json_ratio,20uM,-3,3,0.9397625439171916,0.11162677114637773,n_units_network_json (ratio to baseline)
n_units_network_json_ratio,CT,-3,4,0.9531441947329534,0.0707900110880375,n_units_network_json (ratio to baseline)
n_units_network_json_ratio,IVH-E,-3,4,1.0014833203569264,0.1277082506648122,n_units_network_json (ratio to baseline)
n_units_network_json_ratio,IVH-L,-3,4,1.1385991955792103,0.14320812415794468,n_units_network_json (ratio to baseline)
n_units_network_json_ratio,NPH,-3,4,1.1605488194232807,0.1261614880994561,n_units_network_json (ratio to baseline)
n_units_network_json_ratio,10uM,0,16,1.0773302637117022,0.04357724854339285,n_units_network_json (ratio to baseline)
n_units_network_json_ratio,20uM,0,12,1.0123966468419023,0.050735994594440614,n_units_network_json (ratio to baseline)
n_units_network_json_ratio,CT,0,16,1.035671192449887,0.058992919350446114,n_units_network_json (ratio to baseline)
n_units_network_json_ratio,IVH-E,0,16,1.0020728408020576,0.05520404573675327,n_units_network_json (ratio to baseline)
n_units_network_json_ratio,IVH-L,0,16,1.063409599591132,0.05880294788852182,n_units_network_json (ratio to baseline)
n_units_network_json_ratio,NPH,0,16,1.0554307798917382,0.06896174709624786,n_units_network_json (ratio to baseline)
n_units_network_json_ratio,10uM,3,12,1.2547378430097111,0.05605159089656551,n_units_network_json (ratio to baseline)
n_units_network_json_ratio,20uM,3,9,1.1461005917844092,0.08060764366064065,n_units_network_json (ratio to baseline)
n_units_network_json_ratio,CT,3,12,0.9345290191398549,0.09324187028762977,n_units_network_json (ratio to baseline)
n_units_network_json_ratio,IVH-E,3,12,1.0774047775541375,0.12890882016649002,n_units_network_json (ratio to baseline)
n_units_network_json_ratio,IVH-L,3,12,1.4623495105200013,0.07137565760595914,n_units_network_json (ratio to baseline)
n_units_network_json_ratio,NPH,3,12,0.9911642382728413,0.08106981502587196,n_units_network_json (ratio to baseline)
n_units_network_json_ratio,10uM,6,12,1.5871746814599603,0.19618537669282246,n_units_network_json (ratio to baseline)
n_units_network_json_ratio,20uM,6,9,1.3870539573727676,0.15550553087627644,n_units_network_json (ratio to baseline)
n_units_network_json_ratio,CT,6,12,1.0620598544905822,0.14466776706203935,n_units_network_json (ratio to baseline)
n_units_network_json_ratio,IVH-E,6,12,0.35893564841514625,0.09840507787996784,n_units_network_json (ratio to baseline)
n_units_network_json_ratio,IVH-L,6,12,1.0945609823280684,0.1342498507304973,n_units_network_json (ratio to baseline)
n_units_network_json_ratio,NPH,6,12,1.3921716851053674,0.15062426194857004,n_units_network_json (ratio to baseline)
n_units_network_json_ratio,10uM,9,16,1.3758686343119444,0.13982001684102313,n_units_network_json (ratio to baseline)
n_units_network_json_ratio,20uM,9,12,1.1052129652640328,0.1369347009385033,n_units_network_json (ratio to baseline)
n_units_network_json_ratio,CT,9,16,0.917568045971825,0.13396174217139423,n_units_network_json (ratio to baseline)
n_units_network_json_ratio,IVH-E,9,15,0.38741354719301335,0.10503779989647581,n_units_network_json (ratio to baseline)
n_units_network_json_ratio,IVH-L,9,15,1.3216649291073175,0.20938911110670805,n_units_network_json (ratio to baseline)
n_units_network_json_ratio,NPH,9,16,1.2810030865877196,0.15031867745746277,n_units_network_json (ratio to baseline)
unit_firing_rate_ratio,10uM,-6,12,0.8879020534043606,0.10752090450871826,unit_firing_rate (ratio to baseline)
unit_firing_rate_ratio,20uM,-6,9,0.654501982949674,0.06217152789847764,unit_firing_rate (ratio to baseline)
unit_firing_rate_ratio,CT,-6,12,0.5623698126951079,0.043683112615705434,unit_firing_rate (ratio to baseline)
unit_firing_rate_ratio,IVH-E,-6,12,0.707482896750505,0.05700435464012955,unit_firing_rate (ratio to baseline)
unit_firing_rate_ratio,IVH-L,-6,12,0.6085534435209499,0.05539867688205022,unit_firing_rate (ratio to baseline)
unit_firing_rate_ratio,NPH,-6,12,0.7037982250654727,0.05327292098103773,unit_firing_rate (ratio to baseline)
unit_firing_rate_ratio,10uM,-3,4,1.1372186187077604,0.07872333608558839,unit_firing_rate (ratio to baseline)
unit_firing_rate_ratio,20uM,-3,3,1.0514445702180595,0.10044686620395345,unit_firing_rate (ratio to baseline)
unit_firing_rate_ratio,CT,-3,4,1.0400361189060794,0.07481086678309005,unit_firing_rate (ratio to baseline)
unit_firing_rate_ratio,IVH-E,-3,4,0.9016067498015201,0.12062805805513635,unit_firing_rate (ratio to baseline)
unit_firing_rate_ratio,IVH-L,-3,4,0.970909212594468,0.10517306950652179,unit_firing_rate (ratio to baseline)
unit_firing_rate_ratio,NPH,-3,4,1.0525425943070243,0.03156428492892949,unit_firing_rate (ratio to baseline)
unit_firing_rate_ratio,10uM,0,16,1.041802290778785,0.03767993428755762,unit_firing_rate (ratio to baseline)
unit_firing_rate_ratio,20uM,0,12,0.9989501511040646,0.053174418708032106,unit_firing_rate (ratio to baseline)
unit_firing_rate_ratio,CT,0,16,1.025982664202991,0.053511067104808116,unit_firing_rate (ratio to baseline)
unit_firing_rate_ratio,IVH-E,0,16,1.0413331769055767,0.04750574765350649,unit_firing_rate (ratio to baseline)
unit_firing_rate_ratio,IVH-L,0,16,0.9280149504950367,0.05019905510196399,unit_firing_rate (ratio to baseline)
unit_firing_rate_ratio,NPH,0,16,1.0141056591332764,0.03551636484845032,unit_firing_rate (ratio to baseline)
unit_firing_rate_ratio,10uM,3,12,0.8604737389493372,0.029339707369022843,unit_firing_rate (ratio to baseline)
unit_firing_rate_ratio,20uM,3,9,0.7806442365040036,0.057565598503059236,unit_firing_rate (ratio to baseline)
unit_firing_rate_ratio,CT,3,12,0.7965482625819839,0.05645220419055862,unit_firing_rate (ratio to baseline)
unit_firing_rate_ratio,IVH-E,3,12,0.7232530090034541,0.06702390404052097,unit_firing_rate (ratio to baseline)
unit_firing_rate_ratio,IVH-L,3,12,0.8055334917837716,0.08397697482482236,unit_firing_rate (ratio to baseline)
unit_firing_rate_ratio,NPH,3,12,0.8321320308323094,0.03591041068637045,unit_firing_rate (ratio to baseline)
unit_firing_rate_ratio,10uM,6,12,0.6805722983996435,0.03636993189885702,unit_firing_rate (ratio to baseline)
unit_firing_rate_ratio,20uM,6,9,0.6549204699840852,0.04677445632325685,unit_firing_rate (ratio to baseline)
unit_firing_rate_ratio,CT,6,12,0.7011704642374302,0.07670826789960464,unit_firing_rate (ratio to baseline)
unit_firing_rate_ratio,IVH-E,6,12,0.8922953687128073,0.08001673042006886,unit_firing_rate (ratio to baseline)
unit_firing_rate_ratio,IVH-L,6,12,0.6184034291066295,0.07359471280169479,unit_firing_rate (ratio to baseline)
unit_firing_rate_ratio,NPH,6,12,0.642421976706485,0.033588589804483066,unit_firing_rate (ratio to baseline)
unit_firing_rate_ratio,10uM,9,16,0.7052094730806204,0.04695502303554569,unit_firing_rate (ratio to baseline)
unit_firing_rate_ratio,20uM,9,12,0.6197686173912799,0.03807201797329238,unit_firing_rate (ratio to baseline)
unit_firing_rate_ratio,CT,9,16,0.6382892595575096,0.042016672707382866,unit_firing_rate (ratio to baseline)
unit_firing_rate_ratio,IVH-E,9,15,0.6454054923676967,0.051091283321039564,unit_firing_rate (ratio to baseline)
unit_firing_rate_ratio,IVH-L,9,15,0.7400442744934991,0.07507232650039718,unit_firing_rate (ratio to baseline)
unit_firing_rate_ratio,NPH,9,16,0.6969163487362758,0.056199900719901545,unit_firing_rate (ratio to baseline)
unit_amplitude_median_ratio,10uM,-6,12,0.906655844155844,0.021399451859338926,unit_amplitude_median (ratio to baseline)
unit_amplitude_median_ratio,20uM,-6,9,0.9070707070707071,0.031117013738887603,unit_amplitude_median (ratio to baseline)
unit_amplitude_median_ratio,CT,-6,12,0.9653679653679653,0.011416221727162765,unit_amplitude_median (ratio to baseline)
unit_amplitude_median_ratio,IVH-E,-6,12,0.980876330876331,0.02463786764382368,unit_amplitude_median (ratio to baseline)
unit_amplitude_median_ratio,IVH-L,-6,12,0.9522727272727272,0.018961419699346775,unit_amplitude_median (ratio to baseline)
unit_amplitude_median_ratio,NPH,-6,12,0.9710526315789475,0.02434830086247531,unit_amplitude_median (ratio to baseline)
unit_amplitude_median_ratio,10uM,-3,4,0.9426406926406927,0.021672061033009515,unit_amplitude_median (ratio to baseline)
unit_amplitude_median_ratio,20uM,-3,3,0.9393939393939394,0.030303030303030314,unit_amplitude_median (ratio to baseline)
unit_amplitude_median_ratio,CT,-3,4,0.9653679653679653,0.021860400299485026,unit_amplitude_median (ratio to baseline)
unit_amplitude_median_ratio,IVH-E,-3,4,0.9975429975429976,0.035135994216400734,unit_amplitude_median (ratio to baseline)
unit_amplitude_median_ratio,IVH-L,-3,4,0.9772727272727273,0.022727272727272735,unit_amplitude_median (ratio to baseline)
unit_amplitude_median_ratio,NPH,-3,4,0.963157894736842,0.05578285296696365,unit_amplitude_median (ratio to baseline)
unit_amplitude_median_ratio,10uM,0,16,1.019047619047619,0.024948364058072343,unit_amplitude_median (ratio to baseline)
unit_amplitude_median_ratio,20uM,0,12,1.0,0.022380271087151397,unit_amplitude_median (ratio to baseline)
unit_amplitude_median_ratio,CT,0,16,1.012202380952381,0.01681843804416481,unit_amplitude_median (ratio to baseline)
unit_amplitude_median_ratio,IVH-E,0,16,1.0214987714987716,0.014713834655049782,unit_amplitude_median (ratio to baseline)
unit_amplitude_median_ratio,IVH-L,0,16,1.0,0.011736313170325502,unit_amplitude_median (ratio to baseline)
unit_amplitude_median_ratio,NPH,0,16,1.006578947368421,0.00657894736842105,unit_amplitude_median (ratio to baseline)
unit_amplitude_median_ratio,10uM,3,12,0.9729437229437229,0.018990626158590918,unit_amplitude_median (ratio to baseline)
unit_amplitude_median_ratio,20uM,3,9,1.0606060606060608,0.0338798178409059,unit_amplitude_median (ratio to baseline)
unit_amplitude_median_ratio,CT,3,12,0.9494949494949494,0.020488126034116285,unit_amplitude_median (ratio to baseline)
unit_amplitude_median_ratio,IVH-E,3,12,1.0429975429975429,0.02784295094835847,unit_amplitude_median (ratio to baseline)
unit_amplitude_median_ratio,IVH-L,3,12,1.0257575757575756,0.027084597535464106,unit_amplitude_median (ratio to baseline)
unit_amplitude_median_ratio,NPH,3,12,1.013157894736842,0.006871486419303855,unit_amplitude_median (ratio to baseline)
unit_amplitude_median_ratio,10uM,6,12,0.9577922077922075,0.016286154482032203,unit_amplitude_median (ratio to baseline)
unit_amplitude_median_ratio,20uM,6,9,0.9575757575757575,0.03192622349349314,unit_amplitude_median (ratio to baseline)
unit_amplitude_median_ratio,CT,6,12,0.9805194805194805,0.014313116957039223,unit_amplitude_median (ratio to baseline)
unit_amplitude_median_ratio,IVH-E,6,12,1.1433251433251432,0.10945406463945506,unit_amplitude_median (ratio to baseline)
unit_amplitude_median_ratio,IVH-L,6,12,0.9575757575757576,0.039186783149685836,unit_amplitude_median (ratio to baseline)
unit_amplitude_median_ratio,NPH,6,12,0.9789473684210526,0.022216625389940476,unit_amplitude_median (ratio to baseline)
unit_amplitude_median_ratio,10uM,9,16,0.9482954545454545,0.022973583469374906,unit_amplitude_median (ratio to baseline)
unit_amplitude_median_ratio,20uM,9,12,0.9719696969696967,0.026182486153605387,unit_amplitude_median (ratio to baseline)
unit_amplitude_median_ratio,CT,9,16,0.9585768398268397,0.01815395544043965,unit_amplitude_median (ratio to baseline)
unit_amplitude_median_ratio,IVH-E,9,15,1.1465356265356268,0.14988147843536612,unit_amplitude_median (ratio to baseline)
unit_amplitude_median_ratio,IVH-L,9,15,0.9309090909090908,0.03180024231441344,unit_amplitude_median (ratio to baseline)
unit_amplitude_median_ratio,NPH,9,16,0.988157894736842,0.019239343922562352,unit_amplitude_median (ratio to baseline)
template_half_width_ratio,10uM,-6,12,0.960350616509615,0.0057737705002695846,template_half_width (ratio to baseline)
template_half_width_ratio,20uM,-6,9,0.9740204457851517,0.0056152567006675,template_half_width (ratio to baseline)
template_half_width_ratio,CT,-6,12,0.961636221440143,0.006192434207534436,template_half_width (ratio to baseline)
template_half_width_ratio,IVH-E,-6,12,0.954234360410831,0.012119270125361278,template_half_width (ratio to baseline)
template_half_width_ratio,IVH-L,-6,12,0.9854716981132077,0.007224710722146647,template_half_width (ratio to baseline)
template_half_width_ratio,NPH,-6,12,0.9851607309590502,0.006888922349471097,template_half_width (ratio to baseline)
template_half_width_ratio,10uM,-3,4,0.9831959440287921,0.013879156466799148,template_half_width (ratio to baseline)
template_half_width_ratio,20uM,-3,3,1.007048768225239,0.023504262212217887,template_half_width (ratio to baseline)
template_half_width_ratio,CT,-3,4,0.9809368191721133,0.0075666906260619966,template_half_width (ratio to baseline)
template_half_width_ratio,IVH-E,-3,4,0.9863695478191277,0.014395359423860667,template_half_width (ratio to baseline)
template_half_width_ratio,IVH-L,-3,4,0.9805304291527932,0.021229517681285028,template_half_width (ratio to baseline)
template_half_width_ratio,NPH,-3,4,1.0202080832332932,0.016503469777598395,template_half_width (ratio to baseline)
template_half_width_ratio,10uM,0,16,1.0037600055254394,0.005667939700065339,template_half_width (ratio to baseline)
template_half_width_ratio,20uM,0,12,1.0178808446455505,0.007391249365778994,template_half_width (ratio to baseline)
template_half_width_ratio,CT,0,16,1.0095315904139435,0.004264976002189432,template_half_width (ratio to baseline)
template_half_width_ratio,IVH-E,0,16,1.011109693877551,0.00601594146246971,template_half_width (ratio to baseline)
template_half_width_ratio,IVH-L,0,16,1.0175729513503515,0.0068851355902079464,template_half_width (ratio to baseline)
template_half_width_ratio,NPH,0,16,1.0101040416166467,0.006864766989052159,template_half_width (ratio to baseline)
template_half_width_ratio,10uM,3,12,1.0349540044502188,0.007455022065018003,template_half_width (ratio to baseline)
template_half_width_ratio,20uM,3,9,1.0326026478967654,0.008546603039174969,template_half_width (ratio to baseline)
template_half_width_ratio,CT,3,12,1.0035123736104128,0.011374624825970667,template_half_width (ratio to baseline)
template_half_width_ratio,IVH-E,3,12,1.0014102307589703,0.018966622300513443,template_half_width (ratio to baseline)
template_half_width_ratio,IVH-L,3,12,0.9894504562831422,0.012855224372906555,template_half_width (ratio to baseline)
template_half_width_ratio,NPH,3,12,0.9969321061758037,0.009130546653254145,template_half_width (ratio to baseline)
template_half_width_ratio,10uM,6,12,1.0446960137190189,0.008512349586429312,template_half_width (ratio to baseline)
template_half_width_ratio,20uM,6,9,1.0504675716440424,0.016134947369384586,template_half_width (ratio to baseline)
template_half_width_ratio,CT,6,12,1.0264440534048378,0.01445119823454477,template_half_width (ratio to baseline)
template_half_width_ratio,IVH-E,6,12,1.0153186274509804,0.012739733288362483,template_half_width (ratio to baseline)
template_half_width_ratio,IVH-L,6,12,1.0032561043285237,0.011958811955741968,template_half_width (ratio to baseline)
template_half_width_ratio,NPH,6,12,1.0187074829931972,0.011276586617787798,template_half_width (ratio to baseline)
template_half_width_ratio,10uM,9,16,1.02922462777952,0.008239946958804475,template_half_width (ratio to baseline)
template_half_width_ratio,20uM,9,12,1.0278808446455505,0.011831651047864914,template_half_width (ratio to baseline)
template_half_width_ratio,CT,9,16,1.0055408915703032,0.012645728822067772,template_half_width (ratio to baseline)
template_half_width_ratio,IVH-E,9,15,0.9740522875816994,0.020826545220339613,template_half_width (ratio to baseline)
template_half_width_ratio,IVH-L,9,15,0.9947130348994944,0.009657596046307898,template_half_width (ratio to baseline)
template_half_width_ratio,NPH,9,16,0.9817677070828331,0.008560835839380177,template_half_width (ratio to baseline)
template_recovery_slope_ratio,10uM,-6,12,0.8623122035230782,0.016635011729299605,template_recovery_slope (ratio to baseline)
template_recovery_slope_ratio,20uM,-6,9,0.9075048854840276,0.015054180240585163,template_recovery_slope (ratio to baseline)
template_recovery_slope_ratio,CT,-6,12,0.8741970899142015,0.009903933137537178,template_recovery_slope (ratio to baseline)
template_recovery_slope_ratio,IVH-E,-6,12,0.8952116719316422,0.027455195309031784,template_recovery_slope (ratio to baseline)
template_recovery_slope_ratio,IVH-L,-6,12,0.9012096328613749,0.011540945521869236,template_recovery_slope (ratio to baseline)
template_recovery_slope_ratio,NPH,-6,12,0.9627374697044685,0.026725907439627956,template_recovery_slope (ratio to baseline)
template_recovery_slope_ratio,10uM,-3,4,0.959384505208196,0.007044084093514691,template_recovery_slope (ratio to baseline)
template_recovery_slope_ratio,20uM,-3,3,0.9819050606307389,0.02876854733721166,template_recovery_slope (ratio to baseline)
template_recovery_slope_ratio,CT,-3,4,0.9182829485543104,0.016967436335134124,template_recovery_slope (ratio to baseline)
template_recovery_slope_ratio,IVH-E,-3,4,0.9649096822453052,0.0407656683625569,template_recovery_slope (ratio to baseline)
template_recovery_slope_ratio,IVH-L,-3,4,0.9058405153468937,0.023306141568865523,template_recovery_slope (ratio to baseline)
template_recovery_slope_ratio,NPH,-3,4,1.0221791622400123,0.03716430832511856,template_recovery_slope (ratio to baseline)
template_recovery_slope_ratio,10uM,0,16,1.029410407048009,0.01188710986413392,template_recovery_slope (ratio to baseline)
template_recovery_slope_ratio,20uM,0,12,1.0347366712616328,0.0205043494218746,template_recovery_slope (ratio to baseline)
template_recovery_slope_ratio,CT,0,16,1.0240688539461735,0.016050928402355235,template_recovery_slope (ratio to baseline)
template_recovery_slope_ratio,IVH-E,0,16,1.0149491921197904,0.013264624055386448,template_recovery_slope (ratio to baseline)
template_recovery_slope_ratio,IVH-L,0,16,1.0210378517623562,0.01418156700891703,template_recovery_slope (ratio to baseline)
template_recovery_slope_ratio,NPH,0,16,1.0231018483570553,0.016503569148850948,template_recovery_slope (ratio to baseline)
template_recovery_slope_ratio,10uM,3,12,1.0277680108057854,0.009658248842922965,template_recovery_slope (ratio to baseline)
template_recovery_slope_ratio,20uM,3,9,1.0947850795425305,0.018197828279350434,template_recovery_slope (ratio to baseline)
template_recovery_slope_ratio,CT,3,12,1.019297561640989,0.015386792676617805,template_recovery_slope (ratio to baseline)
template_recovery_slope_ratio,IVH-E,3,12,1.067541707628888,0.030088171874291844,template_recovery_slope (ratio to baseline)
template_recovery_slope_ratio,IVH-L,3,12,1.0817766918006746,0.021984395268760813,template_recovery_slope (ratio to baseline)
template_recovery_slope_ratio,NPH,3,12,1.0925277836361291,0.027842124182291095,template_recovery_slope (ratio to baseline)
template_recovery_slope_ratio,10uM,6,12,1.1085514271814605,0.017278224568518425,template_recovery_slope (ratio to baseline)
template_recovery_slope_ratio,20uM,6,9,1.1485587206351353,0.04311376112308879,template_recovery_slope (ratio to baseline)
template_recovery_slope_ratio,CT,6,12,1.1379316252228688,0.020266628465268336,template_recovery_slope (ratio to baseline)
template_recovery_slope_ratio,IVH-E,6,12,1.2507534806280276,0.0920758501323306,template_recovery_slope (ratio to baseline)
template_recovery_slope_ratio,IVH-L,6,12,1.1047048959883052,0.013278340774495091,template_recovery_slope (ratio to baseline)
template_recovery_slope_ratio,NPH,6,12,1.2323962344605868,0.031216160625930123,template_recovery_slope (ratio to baseline)
template_recovery_slope_ratio,10uM,9,16,1.143129035667747,0.021320373503711455,template_recovery_slope (ratio to baseline)
template_recovery_slope_ratio,20uM,9,12,1.108817710939338,0.024052460822591427,template_recovery_slope (ratio to baseline)
template_recovery_slope_ratio,CT,9,16,1.1747554910695537,0.04454743785657427,template_recovery_slope (ratio to baseline)
template_recovery_slope_ratio,IVH-E,9,15,1.2622695939954884,0.15710824352636585,template_recovery_slope (ratio to baseline)
template_recovery_slope_ratio,IVH-L,9,15,1.077061324770118,0.021467588463587626,template_recovery_slope (ratio to baseline)
template_recovery_slope_ratio,NPH,9,16,1.219268232725407,0.02885924732014691,template_recovery_slope (ratio to baseline)
