metric,x_value,test_type,comparison,statistic,p_value,effect_size,n_group_1,n_group_2,p_adj,metric_label
n_units_network_json_ratio,3,anova,all_groups,4.860594287148114,0.0008011583849229193,,,,0.0008011583849229193,n_units_network_json (ratio to baseline)
n_units_network_json_ratio,3,welch_t,CT vs IVH-L,-4.494974669838594,0.00020755984225180168,-1.8350657246399729,12.0,12.0,0.01303348055965973,n_units_network_json (ratio to baseline)
n_units_network_json_ratio,3,welch_t,IVH-L vs NPH,4.362303141118829,0.0002569872670475898,1.7809027998469018,12.0,12.0,0.013724921075605398,n_units_network_json (ratio to baseline)
n_units_network_json_ratio,6,anova,all_groups,8.637015814816937,2.8194540212307113e-06,,,,2.8194540212307113e-06,n_units_network_json (ratio to baseline)
n_units_network_json_ratio,6,welch_t,10uM vs IVH-E,5.5960859725770975,3.832460114484454e-05,2.2845925315934044,12.0,12.0,0.005748690171726681,n_units_network_json (ratio to baseline)
n_units_network_json_ratio,6,welch_t,20uM vs IVH-E,5.586813297272772,6.611402963073459e-05,2.516451802459413,9.0,12.0,0.007437828333457641,n_units_network_json (ratio to baseline)
n_units_network_json_ratio,6,welch_t,CT vs IVH-E,4.018684498969055,0.0007097021037167734,1.6406210766177425,12.0,12.0,0.027770951884569395,n_units_network_json (ratio to baseline)
n_units_network_json_ratio,6,welch_t,IVH-E vs IVH-L,-4.419419247004511,0.00025924850920587973,-1.804220352432684,12.0,12.0,0.013724921075605398,n_units_network_json (ratio to baseline)
n_units_network_json_ratio,6,welch_t,IVH-E vs NPH,-5.7427506542658655,1.5746375842909083e-05,-2.3444681371642706,12.0,12.0,0.002834347651723635,n_units_network_json (ratio to baseline)
n_units_network_json_ratio,9,anova,all_groups,6.226923646872696,5.856492498100683e-05,,,,5.856492498100683e-05,n_units_network_json (ratio to baseline)
n_units_network_json_ratio,9,welch_t,10uM vs IVH-E,5.652231035443555,5.069367812953541e-06,2.0212827374899227,16.0,15.0,0.0015208103438860622,n_units_network_json (ratio to baseline)
n_units_network_json_ratio,9,welch_t,20uM vs IVH-E,4.159213491423514,0.0004149855599001466,1.6244391363195991,12.0,15.0,0.018674350195506596,n_units_network_json (ratio to baseline)
n_units_network_json_ratio,9,welch_t,IVH-E vs IVH-L,-3.9881326951368252,0.0006879770844194649,-1.456260159633542,15.0,15.0,0.027770951884569395,n_units_network_json (ratio to baseline)
n_units_network_json_ratio,9,welch_t,IVH-E vs NPH,-4.8728539745973,4.50080902185617e-05,-1.7407536480858823,15.0,16.0,0.005786754456672219,n_units_network_json (ratio to baseline)
network_bursts_burst_peak_mean_ratio,6,anova,all_groups,5.953517242624821,0.0001753310361993008,,,,0.0001753310361993008,network_bursts_burst_peak_mean (ratio to baseline)
network_bursts_burst_peak_mean_ratio,6,welch_t,IVH-E vs NPH,-4.241545230441851,0.000766340032329437,-1.7638175140840149,9.0,12.0,0.028737751212353887,network_bursts_burst_peak_mean (ratio to baseline)
network_bursts_burst_peak_mean_ratio,6,welch_t,IVH-L vs NPH,-4.074155278963965,0.0010324199367828604,-1.6965002427128775,9.0,12.0,0.03573761319632978,network_bursts_burst_peak_mean (ratio to baseline)
network_bursts_burst_peak_mean_ratio,9,anova,all_groups,2.4002723312863075,0.0454286562953373,,,,0.0454286562953373,network_bursts_burst_peak_mean (ratio to baseline)
network_bursts_count_ratio,3,welch_t,CT vs NPH,4.808034385454381,8.865460511239206e-05,1.9628718183532212,12.0,12.0,0.007988155622835369,network_bursts_count (ratio to baseline)
network_bursts_count_ratio,6,welch_t,CT vs NPH,6.3398008089105495,2.7761992326797774e-06,2.6389487555760383,11.0,12.0,0.0012492896547058997,network_bursts_count (ratio to baseline)
network_bursts_count_ratio,6,welch_t,IVH-E vs NPH,5.889064766197749,0.00020326459522937968,2.7419389037436117,9.0,12.0,0.01303348055965973,network_bursts_count (ratio to baseline)
network_bursts_duration_mean_ratio,6,anova,all_groups,2.769617921042328,0.026396449766374314,,,,0.026396449766374314,network_bursts_duration_mean (ratio to baseline)
network_bursts_duration_mean_ratio,9,anova,all_groups,4.661570521459846,0.0009772177422408032,,,,0.0009772177422408032,network_bursts_duration_mean (ratio to baseline)
network_bursts_duration_mean_ratio,9,welch_t,20uM vs IVH-E,4.600842171428323,0.00029295895402157974,2.044944710051462,11.0,8.0,0.014647947701078986,network_bursts_duration_mean (ratio to baseline)
network_bursts_inter_event_interval_mean_ratio,3,anova,all_groups,5.172487408117945,0.0005189013738840017,,,,0.0005189013738840017,network_bursts_inter_event_interval_mean (ratio to baseline)
network_bursts_inter_event_interval_mean_ratio,3,welch_t,20uM vs NPH,-4.819272623195471,0.00013734800412213728,-2.1145051435813476,9.0,12.0,0.011237563973629414,network_bursts_inter_event_interval_mean (ratio to baseline)
network_bursts_inter_event_interval_mean_ratio,3,welch_t,CT vs NPH,-4.928338681146759,0.00021722467599432884,-2.0119858414050933,12.0,12.0,0.01303348055965973,network_bursts_inter_event_interval_mean (ratio to baseline)
network_bursts_inter_event_interval_mean_ratio,3,welch_t,IVH-E vs NPH,-6.220442906968655,1.283930200401172e-05,-2.5817508084931156,10.0,12.0,0.002834347651723635,network_bursts_inter_event_interval_mean (ratio to baseline)
network_bursts_inter_event_interval_mean_ratio,6,anova,all_groups,5.292534085280892,0.0004739227368109071,,,,0.0004739227368109071,network_bursts_inter_event_interval_mean (ratio to baseline)
network_bursts_inter_event_interval_mean_ratio,6,welch_t,IVH-E vs NPH,-4.223135204237595,0.0009584165912652105,-1.7449832251338468,9.0,12.0,0.03450299728554758,network_bursts_inter_event_interval_mean (ratio to baseline)
network_bursts_rate_ratio,3,welch_t,CT vs NPH,4.807663129852768,8.875728469817076e-05,1.9627202538885378,12.0,12.0,0.007988155622835369,network_bursts_rate (ratio to baseline)
network_bursts_rate_ratio,6,welch_t,CT vs NPH,6.340387522878586,2.7729561193483136e-06,2.639171625783531,11.0,12.0,0.0012492896547058997,network_bursts_rate (ratio to baseline)
network_bursts_rate_ratio,6,welch_t,IVH-E vs NPH,5.88831980118308,0.00020356306318930497,2.74162103639484,9.0,12.0,0.01303348055965973,network_bursts_rate (ratio to baseline)
template_half_width_ratio,-6,anova,all_groups,3.049519743974261,0.015793771769039767,,,,0.015793771769039767,template_half_width (ratio to baseline)
template_half_width_ratio,9,anova,all_groups,3.2640194705259566,0.009641360701375017,,,,0.009641360701375017,template_half_width (ratio to baseline)
template_half_width_ratio,9,welch_t,10uM vs NPH,3.993979538080223,0.0003889837137989403,1.4120850076484204,16.0,16.0,0.01842554433784454,template_half_width (ratio to baseline)
template_recovery_slope_ratio,-6,anova,all_groups,3.321497973235055,0.010020645314416227,,,,0.010020645314416227,template_recovery_slope (ratio to baseline)
template_recovery_slope_ratio,9,welch_t,IVH-L vs NPH,-3.9536811013018096,0.0004937645563621581,-1.413663027699617,15.0,16.0,0.021161338129806778,template_recovery_slope (ratio to baseline)
unit_amplitude_median_ratio,3,anova,all_groups,3.205921036768343,0.01215611007321558,,,,0.01215611007321558,unit_amplitude_median (ratio to baseline)
unit_firing_rate_ratio,-6,anova,all_groups,2.9417830223981523,0.01891768749589212,,,,0.01891768749589212,unit_firing_rate (ratio to baseline)
unit_firing_rate_ratio,6,anova,all_groups,2.6213754689093225,0.03235522863078521,,,,0.03235522863078521,unit_firing_rate (ratio to baseline)
