well_key,template_n_rows,template_n_unique_units,template_peak_to_valley,template_peak_trough_ratio,template_half_width,template_repolarization_slope,template_recovery_slope
CX138|260319|T003346|000004|well000,77,77,0.00061,-0.2032203416968394,0.00024,144918.6429185834,-8364.868523738316
CX138|260319|T003346|000004|well001,154,154,0.00058,-0.19535576994179715,0.00024,143878.70923176536,-7732.7348487689005
CX138|260319|T003346|000004|well002,126,126,0.00059,-0.1975527907824104,0.00024,144038.34650927765,-7613.157116268865
CX138|260319|T003346|000004|well003,135,135,0.00057,-0.1841824205665077,0.00024,149885.6819954046,-7403.870083787747
CX138|260319|T003346|000004|well004,106,106,0.000595,-0.19270442689850026,0.00024,150840.9918225411,-7765.586433494987
CX138|260319|T003346|000004|well005,94,94,0.00061,-0.1908836795937914,0.00024,146388.2165610118,-7408.147321317483
CX138|260319|T003346|000004|well006,94,94,0.00064,-0.2032854873115839,0.000245,145027.55687520257,-8351.10514374174
CX138|260319|T003346|000004|well007,69,69,0.00065,-0.1999769646349558,0.00026,132003.4487246598,-7763.50810608397
CX138|260319|T003346|000004|well008,68,68,0.000645,-0.20389484086892115,0.00026,133000.33181424506,-8292.530594791564
CX138|260319|T003346|000004|well009,87,87,0.00067,-0.1951918997048755,0.00025,143701.9526839647,-8176.330679195456
CX138|260319|T003346|000004|well010,44,44,0.000655,-0.18843598637844616,0.000245,155133.37035545605,-7353.916641211692
CX138|260319|T003346|000004|well011,80,80,0.00066,-0.201765651837031,0.00025,136721.18643708207,-8052.483893901834
CX138|260319|T003346|000004|well012,81,81,0.00065,-0.1924773711484489,0.00024,151205.1112170624,-7397.67521588703
CX138|260319|T003346|000004|well013,14,14,0.000615,-0.1969160010828615,0.000255,134917.97743006304,-8023.23196708156
CX138|260319|T003346|000004|well014,54,54,0.00066,-0.20206926708725856,0.000245,131381.91193130094,-7829.353232189031
CX138|260319|T003346|000004|well015,63,63,0.00064,-0.1999758220503005,0.00026,131971.003302212,-7638.463714017037
CX138|260319|T003346|000004|well016,47,47,0.00061,-0.1922187724374747,0.00025,148515.9607506107,-8572.70739452599
CX138|260319|T003346|000004|well017,81,81,0.00059,-0.1934514939786983,0.00024,142993.2468592708,-6585.214278706232
CX138|260319|T003346|000004|well018,62,62,0.000645,-0.18541587462990125,0.000245,141507.97117118095,-6936.501546990499
CX138|260319|T003346|000004|well019,90,90,0.00058,-0.1843688785131554,0.00024,147210.6553349499,-6713.926747786649
CX138|260319|T003346|000004|well020,110,110,0.00058,-0.19969513147202073,0.00024,142083.22193310288,-8073.312336126679
CX138|260319|T003346|000004|well021,59,59,0.00062,-0.1867699713849463,0.00025,148688.4097352562,-7645.131236595
CX138|260319|T003346|000004|well023,115,115,0.0006,-0.1976049038709178,0.00024,148521.3316973511,-8307.11354229006
CX138|260319|T003346|000005|well000,52,52,0.00061,-0.1928046532325844,0.000245,145433.11467018368,-7671.127977651485
CX138|260319|T003346|000005|well001,75,75,0.00064,-0.1909441837876912,0.00025,138598.6333947947,-7543.631843972656
CX138|260319|T003346|000005|well002,80,80,0.00061,-0.1933236728900557,0.00025,133290.56714879876,-7510.036148741776
CX138|260319|T003346|000005|well003,91,91,0.00062,-0.1924306492915204,0.00024,134221.1698425214,-6968.11814482903
CX138|260319|T003346|000005|well004,91,91,0.00061,-0.1928055707227645,0.00025,134543.6034412459,-7073.852260155329
CX138|260319|T003346|000005|well005,71,71,0.0006,-0.1986858152045116,0.00025,134620.5046446728,-7196.717261211071
CX138|260319|T003346|000005|well006,49,49,0.00063,-0.1964285771799651,0.00026,141668.6851394417,-7950.7351191004
CX138|260319|T003346|000005|well007,62,62,0.000645,-0.19451699893175067,0.00026,140319.35644526692,-7992.521659749149
CX138|260319|T003346|000005|well008,55,55,0.00068,-0.193299223290798,0.00025,128326.2866622319,-7824.560300684317
CX138|260319|T003346|000005|well009,73,73,0.00061,-0.1934597587423683,0.00026,142706.3919189177,-7583.767411824113
CX138|260319|T003346|000005|well010,27,27,0.00066,-0.1877224526393919,0.00025,138872.0295463477,-7718.197198375176
CX138|260319|T003346|000005|well011,61,61,0.00065,-0.1999312677671108,0.00025,142231.9316766097,-7804.323750006417
CX138|260319|T003346|000005|well012,55,55,0.00062,-0.185887894967314,0.00025,145849.781000929,-6837.275214232135
CX138|260319|T003346|000005|well013,18,18,0.0006150000000000001,-0.1803968180400447,0.00023500000000000002,125573.49997218035,-7152.576910387192
CX138|260319|T003346|000005|well014,38,38,0.00067,-0.2021682170505253,0.00026,116635.56282269611,-7091.704376618687
CX138|260319|T003346|000005|well015,65,65,0.00063,-0.1961216388630157,0.00025,138030.7428136684,-7500.662613991237
CX138|260319|T003346|000005|well016,46,46,0.000595,-0.1896039106834363,0.00025,155674.6468307451,-8327.09847539276
CX138|260319|T003346|000005|well017,67,67,0.00064,-0.1835567039171083,0.00025,127985.4151176141,-6738.092965537353
CX138|260319|T003346|000005|well018,54,54,0.000645,-0.19451971078422076,0.000255,124705.7001773802,-7006.979395694092
CX138|260319|T003346|000005|well019,70,70,0.000565,-0.1811560447621831,0.00023,149538.1421868268,-6686.837985449718
CX138|260319|T003346|000005|well020,71,71,0.00063,-0.1850533496630279,0.00024,142496.8185706889,-7731.714185789722
CX138|260319|T003346|000005|well021,48,48,0.00059,-0.19922075560456856,0.00024,133594.5495990955,-7346.804931236217
CX138|260319|T003346|000005|well023,81,81,0.00061,-0.191566718144223,0.00024,136738.3413004582,-6902.012716369288
CX138|260321|T003346|000007|well000,90,90,0.00061,-0.1928567627656614,0.00024,133475.36349406908,-7210.507548039241
CX138|260321|T003346|000007|well001,128,128,0.00062,-0.18719845313071004,0.00024,139001.7653463768,-7026.601529802172
CX138|260321|T003346|000007|well002,76,76,0.00059,-0.19007145506199896,0.00024,134414.31094654714,-6948.645669217785
CX138|260321|T003346|000007|well003,99,99,0.00058,-0.1901400763488514,0.00025,139639.1289720681,-7213.100587224516
CX138|260321|T003346|000007|well004,126,126,0.000645,-0.19348429887110646,0.00025,128592.17261980631,-6776.829086010251
CX138|260321|T003346|000007|well005,140,140,0.000645,-0.19624958811130339,0.00025,134454.51501182106,-7531.39998181105
CX138|260321|T003346|000007|well006,58,58,0.00066,-0.19256638942027135,0.000255,120404.4653890628,-7320.416597129004
CX138|260321|T003346|000007|well007,132,132,0.0006850000000000001,-0.1958714798287688,0.00026,136045.27899398725,-7924.749753828952
CX138|260321|T003346|000007|well008,171,171,0.00067,-0.1925730412948313,0.00026,137952.343035648,-7765.700648186677
CX138|260321|T003346|000007|well009,111,111,0.00064,-0.1874762013674879,0.00025,146394.5671738843,-7868.357356238915
CX138|260321|T003346|000007|well010,106,106,0.00065,-0.18367047888272936,0.00025,147422.8254011042,-7762.269837375724
CX138|260321|T003346|000007|well011,147,147,0.00063,-0.1943850341247131,0.00025,135428.2335477215,-6941.378012722933
CX138|260321|T003346|000007|well012,87,87,0.0006,-0.1939792796272837,0.00025,126899.8271695423,-6998.875237114544
CX138|260321|T003346|000007|well013,88,88,0.00062,-0.1882725884198741,0.000245,143266.3524163494,-8634.067364503873
CX138|260321|T003346|000007|well014,117,117,0.00067,-0.2019839290322803,0.00026,127564.8775363073,-7503.342111275155
CX138|260321|T003346|000007|well015,144,144,0.0007,-0.19512668817284234,0.00026,126234.18143239996,-7349.215920163114
CX138|260321|T003346|000007|well016,127,127,0.00068,-0.1896373224568852,0.00025,126317.1674895629,-7800.814031227958
CX138|260321|T003346|000007|well017,140,140,0.000665,-0.19216139273950195,0.00025,130188.54871811245,-7483.493111418313
CX138|260321|T003346|000007|well018,109,109,0.00068,-0.1939185531675895,0.00026,127607.0454525506,-7142.967328340676
CX138|260321|T003346|000007|well019,88,88,0.00057,-0.17735705125784101,0.00023,134754.42095736443,-6690.035743425791
CX138|260321|T003346|000007|well020,108,108,0.000595,-0.185515942215354,0.00024,150455.8069050856,-7245.915522875946
CX138|260321|T003346|000007|well021,135,135,0.00063,-0.1891347831222477,0.00025,126314.1067092053,-7057.457130717673
CX138|260321|T003346|000007|well023,83,83,0.00065,-0.195356414678705,0.00025,139653.175066092,-7487.614787599645
CX138|260323|T003346|000009|well000,84,84,0.00063,-0.19736181528395,0.00026,142925.82439617423,-7820.40203228984
CX138|260323|T003346|000009|well001,120,120,0.00066,-0.1955834919002157,0.00025,132747.9933042584,-7991.6254990998
CX138|260323|T003346|000009|well002,82,82,0.000595,-0.20098605912032466,0.00026,139072.3912205573,-7135.111690503185
CX138|260323|T003346|000009|well003,75,75,0.00059,-0.1922614987333002,0.00025,145290.9088877095,-7315.412666210966
CX138|260323|T003346|000009|well004,92,92,0.00063,-0.1958660318964909,0.00026,143891.66810948215,-8256.654809125552
CX138|260323|T003346|000009|well005,97,97,0.00068,-0.2008827694642241,0.00025,138071.637829971,-8276.022458136295
CX138|260323|T003346|000009|well006,64,64,0.00066,-0.1994342578922473,0.00026,147443.18244148564,-8849.469672728219
CX138|260323|T003346|000009|well007,139,139,0.00072,-0.2061657319569827,0.00027,128907.3891470422,-8847.89169076875
CX138|260323|T003346|000009|well008,186,186,0.00069,-0.19735709164714038,0.00025,140972.23380388413,-8588.596191217795
CX138|260323|T003346|000009|well009,81,81,0.00062,-0.2057389921171039,0.00026,134486.4322810784,-7876.486437629831
CX138|260323|T003346|000009|well010,110,110,0.000695,-0.19725002410732365,0.00026,133834.09691811574,-8416.289910361691
CX138|260323|T003346|000009|well011,141,141,0.00066,-0.2020868585849518,0.00025,140145.8606845592,-8203.992251515558
CX138|260323|T003346|000009|well012,85,85,0.00059,-0.1948043729604554,0.00026,134845.0919025747,-7596.251773094905
CX138|260323|T003346|000009|well013,112,112,0.00069,-0.1933398071827226,0.00025,135040.190205517,-7853.6051841553435
CX138|260323|T003346|000009|well014,84,84,0.000665,-0.202538718292711,0.00025,133557.31352113647,-7772.398483040737
CX138|260323|T003346|000009|well015,161,161,0.0007,-0.2014816546157571,0.00026,130446.8827599676,-8571.967827941742
CX138|260323|T003346|000009|well016,194,194,0.00069,-0.19375554862419506,0.00025,139135.74620883845,-8214.544507026474
CX138|260323|T003346|000009|well017,118,118,0.00065,-0.1884453400672418,0.00025,141538.5241662542,-8004.028840004119
CX138|260323|T003346|000009|well018,91,91,0.00064,-0.1921675271938343,0.00025,130639.8092804928,-7368.173708945903
CX138|260323|T003346|000009|well019,88,88,0.000615,-0.186855857519946,0.000245,144912.04879430975,-7628.392489275471
CX138|260323|T003346|000009|well020,80,80,0.000585,-0.18915318631578515,0.00023,137916.4444348366,-7184.921317500596
CX138|260323|T003346|000009|well021,109,109,0.00064,-0.1937242092818007,0.00025,140895.7820981015,-7691.007604681654
CX138|260323|T003346|000009|well023,90,90,0.00067,-0.19274127330545726,0.00026,138782.22132172727,-8305.82795709623
CX138|260325|T003346|000012|well000,92,92,0.000595,-0.19645558590957485,0.00025,144749.4930519542,-7339.392407386127
CX138|260325|T003346|000012|well001,128,128,0.000635,-0.1961347599491846,0.00025,138439.11036660644,-7622.445993600138
CX138|260325|T003346|000012|well002,123,123,0.00066,-0.1960643859480688,0.00025,139339.8653344472,-8368.957571773588
CX138|260325|T003346|000012|well003,116,116,0.00063,-0.20541879835817206,0.00026,129785.87689513006,-7841.290297388112
CX138|260325|T003346|000012|well004,117,117,0.00061,-0.1961375360125056,0.00025,134622.0210521921,-7436.42637374491
CX138|260325|T003346|000012|well005,112,112,0.00062,-0.19455563594399156,0.00026,149026.4796064013,-8387.636921102616
CX138|260325|T003346|000012|well006,59,59,0.00068,-0.206590353007663,0.00026,126053.8739765957,-8011.656400087883
CX138|260325|T003346|000012|well007,173,173,0.00074,-0.2143260498821012,0.00028,127912.4673744077,-9534.812357696854
CX138|260325|T003346|000012|well008,151,151,0.00069,-0.2038864183081143,0.00027,143861.2649983248,-9715.178537585969
CX138|260325|T003346|000012|well009,112,112,0.00068,-0.2017823037722332,0.00026,128146.10892220195,-8279.645298990012
CX138|260325|T003346|000012|well010,172,172,0.00068,-0.19137032876542331,0.00025,160726.95752947565,-9027.80740340535
CX138|260325|T003346|000012|well011,153,153,0.00068,-0.1972518532268226,0.00026,150650.1759459326,-8842.635901045278
CX138|260325|T003346|000012|well012,78,78,0.0006,-0.21516002783354948,0.00026,127522.2335330528,-7860.951360755313
CX138|260325|T003346|000012|well013,189,189,0.00064,-0.1839973663152146,0.00024,171641.6857609842,-9035.488430069301
CX138|260325|T003346|000012|well014,119,119,0.00068,-0.2065880631747047,0.00026,133618.1002988979,-8894.230771270528
CX138|260325|T003346|000012|well015,155,155,0.0007,-0.2045793745800652,0.00027,142287.1273199728,-9835.610452168565
CX138|260325|T003346|000012|well016,201,201,0.00069,-0.195158475997521,0.00026,158536.4273955052,-9501.523753585303
CX138|260325|T003346|000012|well017,132,132,0.000675,-0.19652285415342802,0.000255,142263.09858332796,-8672.588609542228
CX138|260325|T003346|000012|well018,140,140,0.00063,-0.19855177628111592,0.00026,145053.44502487214,-7897.54985970083
CX138|260325|T003346|000012|well019,96,96,0.00063,-0.20016293172089777,0.00025,137097.16069813084,-8600.323849934626
CX138|260325|T003346|000012|well020,72,72,0.0006399999999999999,-0.19756081827218044,0.00024,134858.43766592618,-8076.832259979485
CX138|260325|T003346|000012|well021,156,156,0.00064,-0.20098891238785485,0.00026,136547.71783095636,-8511.424518348562
CX138|260325|T003346|000012|well023,107,107,0.00065,-0.1982583187713096,0.00025,147964.1929022899,-8437.945521115518
CX138|260325|T003346|000014|well000,52,52,0.000585,-0.18371331341780794,0.00024,143184.2457742154,-6888.038645735487
CX138|260325|T003346|000014|well001,86,86,0.000625,-0.18942143918198168,0.00025,133020.04741589777,-7213.154303368947
CX138|260325|T003346|000014|well002,52,52,0.0006,-0.19424320298186204,0.00025,149299.71765075505,-7916.8086547825715
CX138|260325|T003346|000014|well003,40,40,0.000665,-0.19907430054015246,0.00025,147095.4905173565,-8722.30024788712
CX138|260325|T003346|000014|well004,59,59,0.00064,-0.2049003253102592,0.00025,136351.4276959614,-8596.012575291483
CX138|260325|T003346|000014|well005,81,81,0.00064,-0.1974555555851696,0.00026,141775.3040874524,-8516.2603422191
CX138|260325|T003346|000014|well006,44,44,0.00067,-0.2033094459155289,0.00025,125560.48890773035,-8493.723726851207
CX138|260325|T003346|000014|well007,121,121,0.00069,-0.2030739122044203,0.00028,126819.4288430395,-8720.939611264655
CX138|260325|T003346|000014|well008,143,143,0.00069,-0.1945511888110235,0.00026,136939.9892234111,-8044.641380267983
CX138|260325|T003346|000014|well009,81,81,0.00067,-0.205008004580572,0.00026,134015.521082307,-9224.795510345011
CX138|260325|T003346|000014|well010,135,135,0.00069,-0.2019526667789516,0.00026,126428.4648949696,-8057.296421304964
CX138|260325|T003346|000014|well011,122,122,0.00067,-0.19919106918157176,0.00026,139231.5516417539,-8412.322354957
CX138|260325|T003346|000014|well012,42,42,0.000595,-0.1976988914358035,0.00025,159282.6830932303,-8013.922019032258
CX138|260325|T003346|000014|well013,144,144,0.0007,-0.1880976999311607,0.00025,133877.61294643476,-8010.425892704672
CX138|260325|T003346|000014|well014,74,74,0.00067,-0.20094966538685516,0.00025,135381.8931345748,-8072.912915046296
CX138|260325|T003346|000014|well015,125,125,0.0007,-0.1973782600635295,0.00027,141621.3759722866,-8016.359782409247
CX138|260325|T003346|000014|well016,166,166,0.00071,-0.1949883711808289,0.00026,132353.9554806144,-8154.634040691667
CX138|260325|T003346|000014|well017,106,106,0.00068,-0.19162041014234915,0.00025,136847.86007122113,-8215.100127483107
CX138|260325|T003346|000014|well018,83,83,0.00059,-0.1848879502830266,0.00025,157613.157416313,-7452.073835307187
CX138|260325|T003346|000014|well019,43,43,0.00066,-0.1939325796877794,0.00026,151510.3259852744,-8513.488346660632
CX138|260325|T003346|000014|well020,36,36,0.000645,-0.18981355232166505,0.00024,149840.67826820817,-8559.580543013624
CX138|260325|T003346|000014|well021,97,97,0.00065,-0.186993780224805,0.00025,140359.10386276685,-8036.574532563889
CX138|260325|T003346|000014|well023,58,58,0.00066,-0.1980143870480394,0.00026,138544.28045490792,-8874.413869825541
CX138|260326|T003346|000016|well000,71,71,0.00063,-0.1997954574355315,0.00026,135429.2905007938,-8086.573273777642
CX138|260326|T003346|000016|well001,107,107,0.00067,-0.1920778762536679,0.00026,134879.4000312695,-7292.679655674498
CX138|260326|T003346|000016|well002,99,99,0.00064,-0.1925466113136563,0.00026,138127.0557863973,-8117.720098156349
CX138|260326|T003346|000016|well003,65,65,0.00068,-0.201897142647076,0.00026,130613.7788762669,-8140.162472257929
CX138|260326|T003346|000016|well004,90,90,0.00066,-0.20236283621390722,0.000255,143345.83493911126,-8537.64314567507
CX138|260326|T003346|000016|well005,124,124,0.00064,-0.19478175948061835,0.00026,159528.0997954715,-9606.272261166083
CX138|260326|T003346|000016|well006,62,62,0.000665,-0.19933432076935315,0.00026,125479.10972359416,-7663.095959279143
CX138|260326|T003346|000016|well007,150,150,0.000735,-0.2159468978858759,0.00029,119506.77057816515,-9017.15333676445
CX138|260326|T003346|000016|well008,159,159,0.0007,-0.2023133980044041,0.00027,134936.0333847305,-9018.586050302094
CX138|260326|T003346|000016|well009,98,98,0.00065,-0.20648921693989808,0.00026,141627.5962201739,-8710.584943327307
CX138|260326|T003346|000016|well010,147,147,0.00069,-0.2041688421454065,0.00027,156626.5682762814,-8941.305366185714
CX138|260326|T003346|000016|well011,137,137,0.0007,-0.2057340956658692,0.00027,147912.3019050663,-9660.877283356644
CX138|260326|T003346|000016|well012,75,75,0.00066,-0.2094367098116602,0.00025,132892.4007658992,-8789.051124336911
CX138|260326|T003346|000016|well013,148,148,0.00069,-0.1896490017215146,0.000255,157430.42907314285,-9300.715465771153
CX138|260326|T003346|000016|well014,120,120,0.0007,-0.21112455218014176,0.00027,134209.7272901507,-9259.690977838618
CX138|260326|T003346|000016|well015,142,142,0.00071,-0.20489013571606465,0.00028,138422.2603645232,-9658.167079129478
CX138|260326|T003346|000016|well016,155,155,0.00072,-0.2031894868328868,0.00027,135819.1992237192,-9814.473242572976
CX138|260326|T003346|000016|well017,126,126,0.000665,-0.20056160422732916,0.00026,139470.61898604085,-8451.703986838997
CX138|260326|T003346|000016|well018,98,98,0.0006850000000000001,-0.1959091502568552,0.00025,129321.99805088539,-8269.081926387033
CX138|260326|T003346|000016|well019,93,93,0.00061,-0.2053679335580254,0.00025,133891.8466321887,-8507.997827533281
CX138|260326|T003346|000016|well020,70,70,0.000665,-0.20492724416751068,0.00026,128463.69487121279,-9063.41397724977
CX138|260326|T003346|000016|well021,146,146,0.00068,-0.20132291961074827,0.00026,128945.21476161014,-8719.290054434192
CX138|260326|T003346|000016|well023,99,99,0.00068,-0.1983827777118803,0.00026,133104.4829576019,-8767.112852009848
CX138|260327|T003346|000019|well000,73,73,0.00062,-0.1880021348858498,0.00026,139285.1115045564,-7649.243092049443
CX138|260327|T003346|000019|well001,78,78,0.00063,-0.1921304686173584,0.00025,144720.82633665059,-7317.378946727382
CX138|260327|T003346|000019|well002,86,86,0.00065,-0.1873954566047962,0.00025,145542.41273233725,-8510.778033826431
CX138|260327|T003346|000019|well003,93,93,0.00063,-0.201476999636483,0.00026,153842.3775988822,-8780.530864029091
CX138|260327|T003346|000019|well004,100,100,0.00067,-0.19356477154316815,0.00025,141355.0858265591,-7895.262060101713
CX138|260327|T003346|000019|well005,126,126,0.00064,-0.1975136733074393,0.00025,148216.71482697784,-8735.910652025004
CX138|260327|T003346|000019|well006,79,79,0.00067,-0.2120643397072365,0.00026,129040.8924875115,-7423.42648278098
CX138|260327|T003346|000019|well007,126,126,0.00072,-0.2081110914294453,0.00028,127848.30212620035,-9334.793804850287
CX138|260327|T003346|000019|well008,139,139,0.00067,-0.2040774758193518,0.00027,151716.5784098028,-9413.161493424192
CX138|260327|T003346|000019|well009,103,103,0.00064,-0.2032743617450939,0.00026,137492.0530166999,-8701.999265384202
CX138|260327|T003346|000019|well010,181,181,0.00068,-0.2057034114910348,0.00027,151151.2083100147,-9577.138333409906
CX138|260327|T003346|000019|well011,162,162,0.00067,-0.19723536908330674,0.00025,165999.7866953385,-9095.13161004816
CX138|260327|T003346|000019|well012,83,83,0.00063,-0.2071289812101044,0.00026,131100.8992469035,-8357.622425650177
CX138|260327|T003346|000019|well013,165,165,0.00069,-0.1968430792892353,0.00026,164581.9997697856,-9817.355769770898
CX138|260327|T003346|000019|well014,109,109,0.00066,-0.2010280573907046,0.00026,143517.7663035937,-8151.606584353993
CX138|260327|T003346|000019|well015,185,185,0.00071,-0.2091310105572627,0.00028,146956.3748968573,-9964.833008521691
CX138|260327|T003346|000019|well016,185,185,0.00069,-0.1960549788172764,0.00027,161713.7821713001,-9599.30918073478
CX138|260327|T003346|000019|well017,135,135,0.00069,-0.2017274342932332,0.00026,139986.339203597,-8867.700440390605
CX138|260327|T003346|000019|well018,71,71,0.0006,-0.1937666576138952,0.00026,141197.9532149913,-8379.804267748621
CX138|260327|T003346|000019|well019,84,84,0.00064,-0.2047157797587369,0.00026,145963.89442303067,-8742.103705651249
CX138|260327|T003346|000019|well020,65,65,0.00067,-0.2102119017798555,0.00025,131769.9891848465,-8957.921984768485
CX138|260327|T003346|000019|well021,123,123,0.00068,-0.2041165115116299,0.00026,137368.5755209092,-9103.443333982726
CX138|260327|T003346|000019|well023,89,89,0.00067,-0.1982676962300679,0.00026,137371.5387774591,-9196.898715764173
CX138|260328|T003346|000027|well000,60,60,0.000615,-0.19846297410514901,0.00025,145736.42275223875,-9038.685418790166
CX138|260328|T003346|000027|well001,100,100,0.00067,-0.192673285794559,0.00025,136443.08275831037,-7904.936917772438
CX138|260328|T003346|000027|well002,122,122,0.00062,-0.1943261139486528,0.00025,138601.9959367532,-8032.963654584286
CX138|260328|T003346|000027|well003,89,89,0.00067,-0.2035844354761285,0.00026,150077.3599631299,-8418.344191035416
CX138|260328|T003346|000027|well004,147,147,0.00067,-0.2003321474143164,0.00026,137327.0019743388,-7893.150587862187
CX138|260328|T003346|000027|well005,126,126,0.00066,-0.1976522328513205,0.00026,152110.2051422104,-8221.417020033896
CX138|260328|T003346|000027|well006,71,71,0.00065,-0.2067609663199304,0.00025,127725.6170945731,-7996.233710228118
CX138|260328|T003346|000027|well007,136,136,0.00067,-0.2042125515847234,0.00027,139487.75743486336,-9148.249850560758
CX138|260328|T003346|000027|well008,168,168,0.00069,-0.2098262445891673,0.00027,147588.76640929526,-9939.179344559878
CX138|260328|T003346|000027|well009,86,86,0.00067,-0.20292006079430985,0.00027,135831.7328109679,-8051.909282213026
CX138|260328|T003346|000027|well010,170,170,0.00067,-0.20520835621405276,0.00027,159884.67769931015,-9454.089139833519
CX138|260328|T003346|000027|well011,148,148,0.00069,-0.2123015782203005,0.00028,136134.95752941316,-8826.29681893483
CX138|260328|T003346|000027|well012,62,62,0.00059,-0.2128306017013725,0.00025,135941.91869707505,-8199.935630262524
CX138|260328|T003346|000027|well013,203,203,0.00066,-0.1804670761181726,0.00024,174180.6806347513,-8754.278990374305
CX138|260328|T003346|000027|well014,166,166,0.00058,-0.19986180072937995,0.00024,159819.73120963288,-8781.280475961463
CX138|260328|T003346|000027|well015,150,150,0.00071,-0.2036570594580964,0.00027,139038.2193971317,-9729.006342354089
CX138|260328|T003346|000027|well016,200,200,0.0007,-0.21002323719805333,0.00027,155608.11855539883,-10119.546185297855
CX138|260328|T003346|000027|well017,167,167,0.00066,-0.2045476354751885,0.00026,137934.4337816229,-8550.4368856319
CX138|260328|T003346|000027|well018,81,81,0.00059,-0.1871121907394261,0.00025,142145.2109789693,-7544.960812469898
CX138|260328|T003346|000027|well019,131,131,0.00061,-0.2113378404942534,0.00025,134318.8844936845,-8179.450081705107
CX138|260328|T003346|000027|well020,78,78,0.000655,-0.2040647217243898,0.00024,140153.3163842125,-8502.307965331534
CX138|260328|T003346|000027|well021,101,101,0.00062,-0.1999202567140741,0.00026,140488.73077367147,-8459.458286475263
CX138|260328|T003346|000027|well023,80,80,0.00061,-0.20193065431938406,0.00026,161900.06904237045,-8779.162999511009
CX138|260329|T003346|000029|well000,59,59,0.0006,-0.1918758831212862,0.00024,148185.0630106979,-8268.85556295543
CX138|260329|T003346|000029|well001,91,91,0.00067,-0.1945453867577232,0.00024,146702.7043210281,-8211.832816649665
CX138|260329|T003346|000029|well002,125,125,0.00062,-0.2032579329037099,0.00025,151860.4797723091,-8725.1767597291
CX138|260329|T003346|000029|well003,110,110,0.000675,-0.21616084174964495,0.00027,136876.89629542246,-8754.842042909517
CX138|260329|T003346|000029|well004,104,104,0.000665,-0.2077974324284174,0.00026,141934.0912288102,-8932.958803655252
CX138|260329|T003346|000029|well005,161,161,0.00067,-0.1975398811762207,0.00027,140682.6665077991,-8621.15624413141
CX138|260329|T003346|000029|well006,66,66,0.00066,-0.20646899854057255,0.00026,130706.30943716664,-8581.666607425548
CX138|260329|T003346|000029|well007,124,124,0.000635,-0.2015424099305147,0.00025,159374.3608817737,-9966.740926796841
CX138|260329|T003346|000029|well008,163,163,0.00066,-0.2030937654488602,0.00025,141550.7400059929,-8613.741774748807
CX138|260329|T003346|000029|well009,51,51,0.00068,-0.2045678080659298,0.00026,134971.9589816277,-9106.043250150038
CX138|260329|T003346|000029|well010,211,211,0.00069,-0.1979781804056706,0.00026,150095.9345838408,-9385.692378687414
CX138|260329|T003346|000029|well011,139,139,0.0007,-0.2060752959556162,0.00027,144952.062517288,-8981.199225109754
CX138|260329|T003346|000029|well012,83,83,0.00067,-0.2072143811298759,0.00025,139158.7968046019,-8615.122862024396
CX138|260329|T003346|000029|well013,141,141,0.00066,-0.2005492529967757,0.00026,160611.31483922625,-9594.553382288188
CX138|260329|T003346|000029|well014,142,142,0.0006,-0.20700751464308553,0.00024,171970.1750757586,-9491.737860464276
CX138|260329|T003346|000029|well015,130,130,0.0006850000000000001,-0.2110858323584584,0.00027,127264.54161277844,-8374.115912845187
CX138|260329|T003346|000029|well016,165,165,0.0007,-0.2044917318369528,0.00028,152173.0176988179,-10339.93192002208
CX138|260329|T003346|000029|well017,149,149,0.00067,-0.2056113059701811,0.00027,135542.70407071,-8315.608636960242
CX138|260329|T003346|000029|well018,67,67,0.00064,-0.1921924384349108,0.00024,155404.445534279,-7760.229567863707
CX138|260329|T003346|000029|well019,128,128,0.00061,-0.1981940828544679,0.00024,156180.0009966294,-7712.877558823564
CX138|260329|T003346|000029|well020,82,82,0.0006399999999999999,-0.2163747961902434,0.00025,142446.4607795119,-9202.764427089327
CX138|260329|T003346|000029|well021,98,98,0.00066,-0.20138017008077175,0.00025,142322.3554595051,-8610.417467017021
CX138|260329|T003346|000029|well023,115,115,0.00069,-0.202121287136618,0.00026,135285.9540158925,-8668.917475385031
CX138|260330|T003346|000031|well000,73,73,0.00061,-0.2068487370756926,0.00026,136287.4573022614,-8429.464087180324
CX138|260330|T003346|000031|well001,117,117,0.00067,-0.2030079989285031,0.00025,143772.7409528808,-8630.99620264394
CX138|260330|T003346|000031|well002,152,152,0.00061,-0.20035307023195945,0.000245,150421.4458976701,-8377.802311975916
CX138|260330|T003346|000031|well003,121,121,0.00069,-0.2123767231880371,0.00027,132000.9470490989,-8687.183453629073
CX138|260330|T003346|000031|well004,83,83,0.00069,-0.2048725855856433,0.00025,129736.2533450149,-8905.032724274304
CX138|260330|T003346|000031|well005,126,126,0.000675,-0.2033667215179108,0.00026,151231.75633354363,-9108.814273196987
CX138|260330|T003346|000031|well006,57,57,0.00062,-0.2216788425957621,0.00026,140171.0001409424,-8676.269747641003
CX138|260330|T003346|000031|well007,53,53,0.00069,-0.2151509920149814,0.00029,129896.8249613368,-9704.285978035212
CX138|260330|T003346|000031|well008,179,179,0.00064,-0.2012815223008747,0.00025,157112.0015479959,-10045.42963554673
CX138|260330|T003346|000031|well009,43,43,0.00067,-0.210742247824431,0.00024,137371.2307442351,-8815.143452292295
CX138|260330|T003346|000031|well010,163,163,0.00069,-0.2034790838359042,0.00026,140528.5855871769,-9037.717762930655
CX138|260330|T003346|000031|well011,155,155,0.00069,-0.2055115658344905,0.00027,145223.7362209168,-9223.795512200933
CX138|260330|T003346|000031|well012,68,68,0.00066,-0.21964912680960513,0.00026,134972.50744040305,-8764.031685566217
CX138|260330|T003346|000031|well013,122,122,0.00071,-0.20891190692093825,0.00028,160012.6570658572,-11094.53220588285
CX138|260330|T003346|000031|well014,137,137,0.00061,-0.210726207135434,0.00025,161157.8098999483,-10397.18104796796
CX138|260330|T003346|000031|well015,107,107,0.0007,-0.2024510269217716,0.00026,133856.139485355,-8646.319752818592
CX138|260330|T003346|000031|well016,181,181,0.00065,-0.1944503615427702,0.00026,172299.9936259289,-9377.766769910811
CX138|260330|T003346|000031|well017,144,144,0.00065,-0.2110811444997103,0.00027,135909.5316099797,-8958.315590854461
CX138|260330|T003346|000031|well018,65,65,0.00061,-0.1991351246470837,0.00025,155678.448445093,-9328.577681587385
CX138|260330|T003346|000031|well019,97,97,0.00066,-0.2167507128580303,0.00027,135326.6139790345,-8600.585656080088
CX138|260330|T003346|000031|well020,105,105,0.00067,-0.2255246948297495,0.00026,129321.4557419786,-9698.394073500114
CX138|260330|T003346|000031|well021,115,115,0.00067,-0.2038378238206638,0.00025,140273.2717639383,-8948.612427022686
CX138|260330|T003346|000031|well023,110,110,0.00071,-0.2119088120504052,0.00026,146907.13945429033,-9137.00808650519
CX138|260401|T003346|000033|well000,81,81,0.00062,-0.2086259826005384,0.00026,134393.957959861,-8237.809304212255
CX138|260401|T003346|000033|well001,80,80,0.0007,-0.2053446182034307,0.00025,135468.6792909018,-8424.528958068804
CX138|260401|T003346|000033|well002,80,80,0.00063,-0.21625062577437726,0.00025,131440.92884586446,-8840.398414568315
CX138|260401|T003346|000033|well003,96,96,0.0007,-0.22120812023642705,0.00027,127239.21514551796,-9315.010851141724
CX138|260401|T003346|000033|well004,136,136,0.00071,-0.22658230591102801,0.00028,128634.85651877995,-11221.23900588689
CX138|260401|T003346|000033|well005,124,124,0.00068,-0.21982615598564376,0.00027499999999999996,140982.4600776059,-9528.99770127577
CX138|260401|T003346|000033|well006,59,59,0.00069,-0.2147226247355146,0.00026,124802.5655514128,-8795.27794869274
CX138|260401|T003346|000033|well007,18,18,0.00073,-0.21574897984825664,0.00029,117939.20474768334,-9545.290000488832
CX138|260401|T003346|000033|well008,186,186,0.00066,-0.20611547615000886,0.00025,152576.2919013382,-9887.330184705508
CX138|260401|T003346|000033|well009,53,53,0.00069,-0.2236993958409485,0.00026,137466.7183574981,-10030.83861585623
CX138|260401|T003346|000033|well010,165,165,0.00069,-0.1992425008327629,0.00026,148967.8995519232,-9195.081487667772
CX138|260401|T003346|000033|well011,141,141,0.00068,-0.2093722788836159,0.00027,136801.5355392717,-9191.549207044041
CX138|260401|T003346|000033|well012,99,99,0.00067,-0.2186259442585347,0.00025,130950.1451839995,-8971.913292172747
CX138|260401|T003346|000033|well013,117,117,0.00068,-0.1980269620150722,0.00026,193357.6326964611,-10621.44487201475
CX138|260401|T003346|000033|well014,161,161,0.00064,-0.2028534430262096,0.00024,158673.6431373961,-9549.342844477776
CX138|260401|T003346|000033|well015,115,115,0.0007,-0.2059956803583682,0.00028,143325.8737891324,-9586.98973274568
CX138|260401|T003346|000033|well016,154,154,0.00071,-0.2143600857599354,0.00028,146176.90535489685,-10153.493145481869
CX138|260401|T003346|000033|well017,123,123,0.00069,-0.2007815460955363,0.00026,141874.1979929633,-8369.6102608464
CX138|260401|T003346|000033|well018,72,72,0.00067,-0.21030663686097134,0.000255,151837.7013295662,-10204.35924102074
CX138|260401|T003346|000033|well019,3,3,0.00056,-0.1957499868389429,0.00024,158217.8280970592,-17118.19347445485
CX138|260401|T003346|000033|well020,109,109,0.00059,-0.2143562951158135,0.00023,154242.1257186106,-8991.693744809672
CX138|260401|T003346|000033|well021,103,103,0.00071,-0.2253516713101666,0.00027,127919.7865372565,-9587.446655605423
CX138|260401|T003346|000033|well023,130,130,0.0007,-0.2117532957335727,0.000265,135807.4460822367,-9140.360763127755
CX138|260402|T003346|000035|well000,75,75,0.00063,-0.2149184925749413,0.00026,138648.391255831,-8980.794730064516
CX138|260402|T003346|000035|well001,51,51,0.00071,-0.2143043594411174,0.00025,129545.7466876832,-9968.815370602215
CX138|260402|T003346|000035|well002,40,40,0.000675,-0.2108392865289433,0.00026,135144.61931281904,-8809.450030162483
CX138|260402|T003346|000035|well003,110,110,0.00071,-0.2207672124894925,0.00027,135358.76281054592,-9651.020136358771
CX138|260402|T003346|000035|well004,97,97,0.00069,-0.2141772282736608,0.00027,134954.4472663203,-10057.84766812046
CX138|260402|T003346|000035|well005,153,153,0.00069,-0.2118846550442666,0.00027,140222.6450374952,-9752.304122640902
CX138|260402|T003346|000035|well006,51,51,0.00063,-0.2055491738529443,0.00025,137208.8685191267,-9176.99260588922
CX138|260402|T003346|000035|well007,17,17,0.00068,-0.2171685493436568,0.00027,186043.1450968549,-10034.82435569501
CX138|260402|T003346|000035|well008,82,82,0.00069,-0.2145286782504141,0.00026,123826.06509731765,-9107.554601777887
CX138|260402|T003346|000035|well009,39,39,0.00069,-0.2120528410791187,0.00026,133552.1173067697,-9698.817326390414
CX138|260402|T003346|000035|well010,163,163,0.00071,-0.2034582273573554,0.00026,147406.6885615923,-9303.016365146517
CX138|260402|T003346|000035|well011,151,151,0.00069,-0.2147202543503312,0.00026,163307.678957666,-10055.75652227001
CX138|260402|T003346|000035|well012,112,112,0.00069,-0.22279986384003994,0.00025,137525.1941863966,-10792.810032138455
CX138|260402|T003346|000035|well013,59,59,0.00066,-0.2018592981198405,0.00025,153284.1618509443,-9305.376079489317
CX138|260402|T003346|000035|well014,72,72,0.00067,-0.21567331357046116,0.00026,128928.7015848111,-8998.817271716285
CX138|260402|T003346|000035|well015,110,110,0.0006,-0.19336313394004806,0.00024,166800.7255870217,-9167.341800337428
CX138|260402|T003346|000035|well016,196,196,0.00071,-0.21106562712346177,0.00028,143283.0340523174,-10168.793374232264
CX138|260402|T003346|000035|well017,95,95,0.00071,-0.2092365978589648,0.00027,145307.9793497547,-9588.771576663776
CX138|260402|T003346|000035|well018,90,90,0.00068,-0.2099278759720118,0.00026,139928.6359136295,-9665.305715417042
CX138|260402|T003346|000035|well019,1,1,0.00074,-0.2110056423720035,0.00028,207279.1570962125,-15287.76107079308
CX138|260402|T003346|000035|well020,50,50,0.00061,-0.2017934183662762,0.00024,160185.7907571676,-9799.353200454829
CX138|260402|T003346|000035|well021,95,95,0.00069,-0.2167632527738104,0.00027,133015.0200413325,-9114.000977593194
CX138|260402|T003346|000035|well023,113,113,0.0007,-0.2203870666557008,0.00026,132089.5732077372,-9411.719405602355
CX138|260402|T003346|000036|well000,121,121,0.00069,-0.2243563415783801,0.00027,135622.5503504869,-10204.56530877035
CX138|260402|T003346|000036|well001,110,110,0.00068,-0.19986774693286685,0.00025,130911.03761837975,-8593.385159504805
CX138|260402|T003346|000036|well002,88,88,0.000695,-0.22475626893186207,0.00026,119775.83357584965,-9298.694503580204
CX138|260402|T003346|000036|well003,171,171,0.00069,-0.2317189154008693,0.00027,125703.4089467802,-10281.17921722908
CX138|260402|T003346|000036|well004,161,161,0.00069,-0.2305820062604445,0.00027,121772.1971747437,-9762.550501116393
CX138|260402|T003346|000036|well005,281,281,0.00069,-0.2260559225999891,0.00027,141985.9083886096,-10343.01361336487
CX138|260402|T003346|000036|well006,105,105,0.00066,-0.2242938910713809,0.00026,125409.9394422048,-9805.284066659839
CX138|260402|T003346|000036|well007,16,16,0.000705,-0.21485007573586545,0.00027499999999999996,123403.8626326898,-8790.90290483322
CX138|260402|T003346|000036|well008,128,128,0.0007,-0.22852018748608643,0.00028,126842.3010954043,-9411.801157319369
CX138|260402|T003346|000036|well009,85,85,0.00069,-0.236950252866312,0.00027,132188.4063217789,-11249.15466476281
CX138|260402|T003346|000036|well010,343,343,0.00069,-0.2089573086495817,0.00026,137371.5163048021,-8713.541756876368
CX138|260402|T003346|000036|well011,243,243,0.00069,-0.2204131656009143,0.00028,137289.2857908886,-9464.082742432893
CX138|260402|T003346|000036|well012,140,140,0.00067,-0.2244806598979165,0.00025,135836.75224468618,-9849.612992711556
CX138|260402|T003346|000036|well013,94,94,0.00068,-0.20754025531065323,0.00026,141753.24201355965,-9195.127888981908
CX138|260402|T003346|000036|well014,152,152,0.00067,-0.22798249068230175,0.00027,127380.3602441202,-9752.906017824444
CX138|260402|T003346|000036|well015,213,213,0.00069,-0.2176268979347919,0.00027,140355.4792441405,-10041.62185377393
CX138|260402|T003346|000036|well016,317,317,0.00062,-0.1989958926265982,0.00025,154160.3711431204,-8627.208720335364
CX138|260402|T003346|000036|well017,205,205,0.00065,-0.225699361443901,0.00028,133338.072022098,-9139.490430910682
CX138|260402|T003346|000036|well018,154,154,0.00069,-0.2216664994318281,0.00026,142749.53347389615,-9578.088578857325
CX138|260402|T003346|000036|well019,2,2,0.000675,-0.19891960956829746,0.00026000000000000003,157532.92778154,-9059.798421141091
CX138|260402|T003346|000036|well020,61,61,0.00062,-0.2092882095509433,0.00024,157547.4426785066,-9590.929767067399
CX138|260402|T003346|000036|well021,175,175,0.00069,-0.224489768816428,0.00027,135674.2894830034,-9083.096767781291
CX138|260402|T003346|000036|well023,237,237,0.0007,-0.2212678351824382,0.00026,134771.7098000235,-9671.416040784623
CX138|260404|T003346|000041|well000,106,106,0.00061,-0.2141024732637492,0.00024,144301.01533454575,-9257.111007721145
CX138|260404|T003346|000041|well001,15,15,0.00064,-0.2182669883027787,0.00025,145360.4583644668,-9163.944979915908
CX138|260404|T003346|000041|well002,148,148,0.00062,-0.21215791879297197,0.00024,151824.45558767748,-9204.6896317537
CX138|260404|T003346|000041|well003,81,81,0.00071,-0.2397347545519392,0.00027,131464.0480340197,-11289.34328130218
CX138|260404|T003346|000041|well004,63,63,0.00068,-0.2121653722522946,0.00027,125390.0661894244,-8641.567326032744
CX138|260404|T003346|000041|well005,131,131,0.00066,-0.223078441725102,0.00027,134110.0760110508,-9227.008393128113
CX138|260404|T003346|000041|well006,75,75,0.00068,-0.2169641897861626,0.00025,133112.4589338643,-8991.519030174975
CX138|260404|T003346|000041|well007,139,139,0.00058,-0.1983747021899543,0.00024,149338.8915485817,-7949.946963853245
CX138|260404|T003346|000041|well008,82,82,0.000675,-0.21764118697067905,0.00026,131820.34229644283,-10022.213321321433
CX138|260404|T003346|000041|well009,68,68,0.00065,-0.21875775819114876,0.00026,142338.5484697221,-10456.938425971024
CX138|260404|T003346|000041|well010,115,115,0.00069,-0.2042545089531316,0.00026,147829.9992121162,-9181.951675907918
CX138|260404|T003346|000041|well011,134,134,0.00066,-0.21132652512767666,0.00026,143453.8191784673,-8827.390189483382
CX138|260404|T003346|000041|well012,125,125,0.00064,-0.2162353877140539,0.00024,144734.8575871676,-9778.47228882315
CX138|260404|T003346|000041|well013,19,19,0.00057,-0.207961385982508,0.00023,189869.3777443371,-9163.25120015644
CX138|260404|T003346|000041|well014,162,162,0.00061,-0.2218480976395942,0.00025,149468.23641177165,-9599.710216832558
CX138|260404|T003346|000041|well015,104,104,0.000645,-0.20743516909493687,0.00026,156048.1748506733,-9401.920554543209
CX138|260404|T003346|000041|well016,164,164,0.000655,-0.20526731045447,0.00027,157174.21369238058,-9910.143233425955
CX138|260404|T003346|000041|well017,134,134,0.00067,-0.22117487794517315,0.00027,139363.29003844835,-9724.8439176211
CX138|260404|T003346|000041|well018,72,72,0.000595,-0.20498618590968487,0.00024,163456.27084271517,-9482.448587252178
CX138|260404|T003346|000041|well019,1,1,0.00061,-0.2587520282612539,0.00026,123254.5507601542,-15447.83544139768
CX138|260404|T003346|000041|well020,116,116,0.0006,-0.20684293248279,0.00024,150356.29777694988,-7697.475052570233
CX138|260404|T003346|000041|well021,80,80,0.00067,-0.21401662682066436,0.00026,144414.99931839528,-9892.540016294352
CX138|260404|T003346|000041|well023,76,76,0.0007,-0.21795798641111636,0.00026,152179.75988812605,-9922.241734430732
CX138|260404|T003346|000043|well000,57,57,0.00065,-0.2134784102577663,0.00025,134506.5965586953,-9249.932449874059
CX138|260404|T003346|000043|well001,92,92,0.00068,-0.21817280862289204,0.000255,136101.84941497626,-9705.156328081957
CX138|260404|T003346|000043|well002,119,119,0.00069,-0.1994689878266303,0.00024,129976.8928011669,-8446.3161286949
CX138|260404|T003346|000043|well003,30,30,0.000655,-0.25050761486711254,0.00027,135012.3722393922,-12496.294083971567
CX138|260404|T003346|000043|well004,70,70,0.000695,-0.21925897895404894,0.00026,127656.35006929259,-9217.142905024568
CX138|260404|T003346|000043|well005,103,103,0.00071,-0.2206349604509873,0.00027,140026.6236094835,-10371.45038110674
CX138|260404|T003346|000043|well006,25,25,0.00067,-0.2226451138758107,0.00026,152013.7209664133,-12729.87647931599
CX138|260404|T003346|000043|well007,56,56,0.00071,-0.2116542488548347,0.00028,130419.59028551086,-9622.968698684903
CX138|260404|T003346|000043|well008,42,42,0.000695,-0.2156133135112303,0.00028,129586.99503363812,-9111.035742349588
CX138|260404|T003346|000043|well009,60,60,0.0006850000000000001,-0.203028967463623,0.00025,155307.32804073737,-9353.230084904837
CX138|260404|T003346|000043|well010,124,124,0.00068,-0.19854511632529875,0.00026,155887.7477531101,-9623.7726816426
CX138|260404|T003346|000043|well011,85,85,0.00065,-0.20892434436757,0.00026,140492.0572663464,-9027.929433948162
CX138|260404|T003346|000043|well012,78,78,0.000645,-0.2184188668179271,0.00025,127571.59498731575,-8976.347420859867
CX138|260404|T003346|000043|well013,17,17,0.0006,-0.1894277515462888,0.00024,139760.1340260522,-7660.289836332448
CX138|260404|T003346|000043|well014,48,48,0.00064,-0.2130306858351925,0.00027,122818.4083097135,-8830.921829430574
CX138|260404|T003346|000043|well015,81,81,0.00068,-0.1945142029956145,0.00026,154107.7553705435,-8749.080296767579
CX138|260404|T003346|000043|well016,116,116,0.00069,-0.20156065178136068,0.00027,154796.72825483273,-9488.437662413338
CX138|260404|T003346|000043|well017,95,95,0.00066,-0.2039669169126678,0.00025,151254.7466227201,-9382.360922047801
CX138|260404|T003346|000043|well018,88,88,0.00069,-0.2117345505227941,0.00025,133720.34618368273,-8855.558856710926
CX138|260404|T003346|000043|well019,2,2,0.00062,-0.17807999095598437,0.000205,486959.4613272004,-28165.15433476653
CX138|260404|T003346|000043|well020,110,110,0.00062,-0.22512095950963007,0.00025,126137.1164833839,-8449.210918143472
CX138|260404|T003346|000043|well021,50,50,0.00067,-0.22033298813770674,0.00027,132697.80788336642,-9800.307304197624
CX138|260404|T003346|000043|well023,94,94,0.000705,-0.21574864220841056,0.00027,124876.60025462846,-9008.870830479627
CX138|260404|T003346|000044|well000,108,108,0.00067,-0.21387607427266395,0.000255,134152.2622659179,-9109.405448729249
CX138|260404|T003346|000044|well001,141,141,0.00057,-0.1989940625998082,0.00023,171626.3968237053,-9055.635194165527
CX138|260404|T003346|000044|well002,194,194,0.00068,-0.20233795757306525,0.00024,138236.4585473134,-8485.37792311076
CX138|260404|T003346|000044|well003,59,59,0.00067,-0.2407407666791399,0.00028,134709.137507503,-12995.8616854462
CX138|260404|T003346|000044|well004,146,146,0.00069,-0.2152141289371432,0.000255,137206.82986406249,-9342.518315317353
CX138|260404|T003346|000044|well005,222,222,0.000705,-0.2329567283217057,0.00028,131505.0116469809,-11184.403182578435
CX138|260404|T003346|000044|well006,54,54,0.000635,-0.23385628497107155,0.00026,126006.27370474351,-10267.506454099144
CX138|260404|T003346|000044|well007,61,61,0.00067,-0.2075682464162196,0.00027,142743.1033628921,-9291.197940142774
CX138|260404|T003346|000044|well008,58,58,0.00071,-0.21446486823271965,0.00026,131016.7849097326,-9651.61750542422
CX138|260404|T003346|000044|well009,122,122,0.000695,-0.2172447153936011,0.00026,139816.12577719704,-9226.464582234406
CX138|260404|T003346|000044|well010,313,313,0.00067,-0.2094303225509148,0.00026,139124.7412008775,-9309.063258126082
CX138|260404|T003346|000044|well011,216,216,0.000675,-0.2139335904156821,0.00027,139845.45313222785,-9333.331004860249
CX138|260404|T003346|000044|well012,167,167,0.00065,-0.2220501378992483,0.00025,134318.4864424274,-10371.31074065306
CX138|260404|T003346|000044|well013,19,19,0.0007,-0.1895781439036527,0.00025,149063.4627551555,-7033.993321475798
CX138|260404|T003346|000044|well014,124,124,0.000675,-0.2136392461156819,0.00026,143999.75305099448,-9595.660718898213
CX138|260404|T003346|000044|well015,145,145,0.00069,-0.2068960918823275,0.00027,139704.1035648043,-9677.617586608498
CX138|260404|T003346|000044|well016,328,328,0.00068,-0.2067158254106674,0.00028,141894.07861456106,-9211.218014261798
CX138|260404|T003346|000044|well017,166,166,0.00066,-0.21442792102801325,0.00026,145265.9074517436,-9953.67820355076
CX138|260404|T003346|000044|well018,139,139,0.00065,-0.2033162966799257,0.00024,144184.958048569,-8976.647999840981
CX138|260404|T003346|000044|well019,5,5,0.00065,-0.2328994084740451,0.00029,111310.5333497243,-9784.111305300905
CX138|260404|T003346|000044|well020,165,165,0.0006,-0.2025698882861561,0.00023,136574.8984684428,-8069.080444311795
CX138|260404|T003346|000044|well021,108,108,0.000645,-0.21398794579625455,0.00027,139457.03218998064,-8578.213300594856
CX138|260404|T003346|000044|well023,219,219,0.00072,-0.2275448965541978,0.00027,133440.8547741181,-11196.49751915902
CX138|260405|T003346|000048|well000,110,110,0.00065,-0.2132695633245359,0.00025,142610.09755125927,-8449.944266994402
CX138|260405|T003346|000048|well001,33,33,0.00067,-0.1844693558099976,0.00024,131797.2264446732,-8001.565373824065
CX138|260405|T003346|000048|well002,61,61,0.00063,-0.2101702722939996,0.00025,142456.6501949381,-8969.411802617238
CX138|260405|T003346|000048|well003,208,208,0.00069,-0.2375647246234478,0.00026,140475.97255654732,-10842.71143400407
CX138|260405|T003346|000048|well004,106,106,0.000695,-0.21263713279226215,0.00025,137871.93445280445,-10062.864124220474
CX138|260405|T003346|000048|well005,183,183,0.00069,-0.2187839566422549,0.00027,148138.4820278246,-10078.07154698615
CX138|260405|T003346|000048|well006,59,59,0.00068,-0.2217857991675156,0.00025,128432.21886326,-8879.150747033667
CX138|260405|T003346|000048|well007,24,24,0.000715,-0.19883626582554553,0.00026,137389.77420966615,-8768.856195148004
CX138|260405|T003346|000048|well008,110,110,0.00067,-0.2142512994283162,0.00025,139567.65688129916,-9907.132756016326
CX138|260405|T003346|000048|well009,123,123,0.00064,-0.2162447430326335,0.00025,156189.7193046935,-9555.977304632352
CX138|260405|T003346|000048|well010,179,179,0.00069,-0.2133766242101622,0.00027,138803.1431377784,-10245.09535476609
CX138|260405|T003346|000048|well011,182,182,0.00062,-0.19643979644743914,0.00025,174199.66294799256,-9552.336388855143
CX138|260405|T003346|000048|well012,102,102,0.0006,-0.21602783601998832,0.00024,142590.83900589112,-9073.31703423059
CX138|260405|T003346|000048|well013,139,139,0.00072,-0.1977889016650415,0.00026,154475.5805496858,-9780.882936161726
CX138|260405|T003346|000048|well014,113,113,0.0006,-0.2258119701268296,0.00026,168780.1384112925,-10796.80420193722
CX138|260405|T003346|000048|well015,135,135,0.00065,-0.2053086968631238,0.00025,146918.6736663424,-8708.8366019035
CX138|260405|T003346|000048|well016,149,149,0.00061,-0.1920696069114993,0.00024,167207.8783952856,-8174.845200734631
CX138|260405|T003346|000048|well017,118,118,0.00066,-0.2098523790779963,0.00025,157331.80368453998,-9685.926691154498
CX138|260405|T003346|000048|well018,58,58,0.00059,-0.1999010380683966,0.00024,153799.47658070264,-8554.776537984762
CX138|260405|T003346|000048|well021,97,97,0.00067,-0.2102732432307272,0.00024,148976.405842216,-9315.838174292065
CX138|260405|T003346|000048|well023,155,155,0.00068,-0.2276460596969576,0.00027,132765.2071409163,-9761.809469449534
