well_key,unit_n_rows,unit_n_unique_units,unit_firing_rate,unit_amplitude_median,unit_presence_ratio,unit_rp_contamination,unit_snr,unit_loc_x,unit_loc_y
CX138|260319|T003346|000004|well000,77,77,0.6965737901613119,-31.47125244140625,1.0,0.0,4.129650032758747,1574.999999999995,1190.0
CX138|260319|T003346|000004|well001,154,154,0.6632449006799095,-31.47125244140625,1.0,0.0,4.226926484928784,1587.297482240538,1022.7735368900326
CX138|260319|T003346|000004|well002,126,126,0.6365817890947875,-31.47125244140625,1.0,0.0,4.194732990413149,1361.1200976101245,1093.7499999999925
CX138|260319|T003346|000004|well003,135,135,0.589921343820824,-31.47125244140625,1.0,0.0,4.2402904884768,1680.0,1172.499999999986
CX138|260319|T003346|000004|well004,106,106,0.4882682309025464,-31.47125244140625,1.0,0.0,4.158723816124661,2339.9902620216662,949.936567271823
CX138|260319|T003346|000004|well005,94,94,0.8682175709905346,-31.47125244140625,1.0,0.0,4.095785531844966,1513.6762219471684,936.2499999999948
CX138|260319|T003346|000004|well006,94,94,0.4716037861618452,-31.47125244140625,1.0,0.0,4.313187031021426,1860.8642837008824,1036.756922802354
CX138|260319|T003346|000004|well007,69,69,0.5132648980135982,-31.47125244140625,1.0,0.0,4.016280141393515,1802.5,1119.999999999995
CX138|260319|T003346|000004|well008,68,68,0.643247566991068,-31.47125244140625,1.0,0.0,4.029660622616738,1741.25,1124.9366963827683
CX138|260319|T003346|000004|well009,87,87,0.656579122783629,-31.47125244140625,1.0,0.0,4.283225651707946,1604.316873426654,837.4553247030965
CX138|260319|T003346|000004|well010,44,44,0.5599253432875617,-31.47125244140625,1.0,0.0,4.2621319009893845,2100.0,1047.8444518652163
CX138|260319|T003346|000004|well011,80,80,0.6065857885615251,-31.47125244140625,1.0,0.0,4.007146935470635,2205.000001236092,708.7500000144597
CX138|260319|T003346|000004|well012,81,81,0.5332622317024397,-31.47125244140625,1.0,0.0,4.22359175458625,2183.276840952369,962.4999999999974
CX138|260319|T003346|000004|well013,14,14,0.7032395680575925,-31.47125244140625,1.0,0.0,4.166447596960497,3281.25,901.25
CX138|260319|T003346|000004|well014,54,54,0.5015997866951074,-31.47125244140625,1.0,0.0,4.061765246736957,2065.0,1084.999999999996
CX138|260319|T003346|000004|well015,63,63,0.4132782295693908,-31.47125244140625,1.0,0.0,4.018382505858609,2344.999999999985,1225.0
CX138|260319|T003346|000004|well016,47,47,0.6632449006799094,-31.47125244140625,1.0,0.0,4.359709123180551,2257.5,1119.999999999994
CX138|260319|T003346|000004|well017,81,81,0.6132515664578057,-31.47125244140625,1.0,0.0,4.030487350606882,2384.46204561459,770.0
CX138|260319|T003346|000004|well018,62,62,0.6465804559392081,-31.47125244140625,1.0,0.0,4.031719418757339,1505.0,1163.75
CX138|260319|T003346|000004|well019,90,90,0.656579122783629,-31.47125244140625,1.0,0.0,4.03557300417683,1775.68177446227,997.4999999999975
CX138|260319|T003346|000004|well020,110,110,0.49660045327289704,-31.47125244140625,1.0,0.0,4.142426097116525,1572.6201773623595,988.75
CX138|260319|T003346|000004|well021,59,59,0.509932009065458,-31.47125244140625,1.0,0.0,4.292960971885067,2205.0,1154.999999999995
CX138|260319|T003346|000004|well023,115,115,0.5265964538061593,-31.47125244140625,1.0,0.0,4.190854060526063,1698.355908089853,1260.0
CX138|260319|T003346|000005|well000,52,52,1.119701412956545,-31.47125244140625,1.0,0.0,3.868878352993861,2048.2848883171687,1244.5237118346795
CX138|260319|T003346|000005|well001,75,75,1.006398293788323,-31.47125244140625,1.0,0.0,3.980843261534569,1636.299893228624,888.8566455463954
CX138|260319|T003346|000005|well002,80,80,1.0763796320981074,-31.47125244140625,1.0,0.0,3.9896112209768795,1517.8681241980776,964.5886729701897
CX138|260319|T003346|000005|well003,91,91,0.8531058384430819,-31.47125244140625,1.0,0.0,3.771755491701577,1709.170058261967,1046.313341976576
CX138|260319|T003346|000005|well004,91,91,0.8264462809917356,-25.177001953125,1.0,0.0,3.883164048300423,2074.076121563531,938.8588638701071
CX138|260319|T003346|000005|well005,71,71,1.926153025859771,-25.177001953125,1.0,0.0,3.978145710862751,1703.084102725477,983.6654058881027
CX138|260319|T003346|000005|well006,49,49,0.9997334044254866,-31.47125244140625,1.0,0.0,3.924184477883017,2268.632660493129,803.5804376967336
CX138|260319|T003346|000005|well007,62,62,1.0963743001866169,-31.47125244140625,1.0,0.0,4.402919192128744,1719.8191009783004,1137.1708550301055
CX138|260319|T003346|000005|well008,55,55,0.8231138363103173,-31.47125244140625,1.0,0.0,4.055132609875693,1474.968132555542,1028.452908309588
CX138|260319|T003346|000005|well009,73,73,0.923087176752866,-31.47125244140625,1.0,0.0,4.152161642926497,1624.994964260391,881.2917387895935
CX138|260319|T003346|000005|well010,27,27,0.8097840575846441,-25.177001953125,1.0,0.0,3.748820792437701,2376.532377915144,1192.259124319151
CX138|260319|T003346|000005|well011,61,61,1.219674753399094,-31.47125244140625,1.0,0.0,3.985111760415478,2159.964469538958,764.8765645253173
CX138|260319|T003346|000005|well012,55,55,0.979869350753233,-31.47125244140625,1.0,0.0,4.068526534993301,1798.869228542374,934.6013666876524
CX138|260319|T003346|000005|well013,18,18,0.871550459938675,-31.47125244140625,1.0,0.0,4.0369054282433225,3178.8200919876494,989.138570217674
CX138|260319|T003346|000005|well014,38,38,0.8632182375683244,-25.177001953125,1.0,0.0,3.5973593794389576,1972.473991066105,1158.6739788861235
CX138|260319|T003346|000005|well015,65,65,0.6232502333022264,-31.47125244140625,1.0,0.0,4.392510178409722,2268.735409617055,1176.126811144634
CX138|260319|T003346|000005|well016,46,46,1.2015064658045596,-34.618377685546875,1.0,0.0,4.403473500161929,2292.3623193419717,1009.0728173337005
CX138|260319|T003346|000005|well017,67,67,0.966537794960672,-31.47125244140625,1.0,0.0,3.916660307839888,2423.554734550302,667.9251383854995
CX138|260319|T003346|000005|well018,54,54,0.9882015731235836,-25.177001953125,1.0,0.0,3.857571858974798,1459.0349515246944,1083.6449426458598
CX138|260319|T003346|000005|well019,70,70,1.0615251299826691,-31.47125244140625,1.0,0.0,4.140534412171625,1973.273470063114,1036.821602633653
CX138|260319|T003346|000005|well020,71,71,0.9098786828422878,-31.47125244140625,1.0,0.0,4.097326434596506,2071.661139604293,1120.731191845018
CX138|260319|T003346|000005|well021,48,48,0.711571790427943,-31.47125244140625,1.0,0.0,3.896081755529514,2199.7203234106573,1327.6074164814886
CX138|260319|T003346|000005|well023,81,81,1.07985601919744,-25.177001953125,1.0,0.0,3.895858356311125,1570.669278926938,1254.297265241436
CX138|260321|T003346|000007|well000,90,90,0.9550000000000001,-31.47125244140625,1.0,0.0,4.167858508190797,2185.270150477218,1122.8883034273658
CX138|260321|T003346|000007|well001,128,128,1.1516666666666664,-31.47125244140625,1.0,0.0,3.8516616926445755,2135.868604076329,874.750955212588
CX138|260321|T003346|000007|well002,76,76,1.0950000000000002,-28.324127197265625,1.0,0.0,3.907815835243792,2330.055916482937,905.2595903589572
CX138|260321|T003346|000007|well003,99,99,1.213333333333333,-31.47125244140625,1.0,0.0,4.343533501385195,2289.012644003649,868.7801927598323
CX138|260321|T003346|000007|well004,126,126,0.8633333333333333,-31.47125244140625,1.0,0.0,3.899524719695809,1555.7881446787126,1241.3994434300848
CX138|260321|T003346|000007|well005,140,140,1.295,-29.897689819335938,1.0,0.0,4.037824573975341,1930.0978834787825,1104.58455481633
CX138|260321|T003346|000007|well006,58,58,0.9632049060125317,-28.324127197265625,1.0,0.0,3.905880662508471,1706.1915144383183,659.4485090637337
CX138|260321|T003346|000007|well007,132,132,0.8515531262498335,-31.47125244140625,1.0,0.0,4.083033790000442,1588.245273635138,1234.8283328891805
CX138|260321|T003346|000007|well008,171,171,0.9498733502199708,-31.47125244140625,1.0,0.0,4.275075361467804,1909.000404163985,974.759117224571
CX138|260321|T003346|000007|well009,111,111,0.7765631249166779,-31.47125244140625,1.0,0.0,4.411827568097161,2152.076717733727,1136.978357543902
CX138|260321|T003346|000007|well010,106,106,0.9348753499533397,-31.47125244140625,1.0,0.0,4.3621722583460025,2105.4669751986366,1141.920415444413
CX138|260321|T003346|000007|well011,147,147,0.8898813491534463,-31.47125244140625,1.0,0.0,4.008364104917494,1869.350721658544,1152.410749804408
CX138|260321|T003346|000007|well012,87,87,0.8566095593627092,-25.177001953125,1.0,0.0,3.772092736633271,1745.193333611714,980.3004648823043
CX138|260321|T003346|000007|well013,88,88,0.9832022397013733,-31.47125244140625,1.0,0.0,4.176277108233037,2684.84023343212,1120.0253310592645
CX138|260321|T003346|000007|well014,117,117,0.9766666666666667,-31.47125244140625,1.0,0.0,4.189527313080805,1606.339719540053,1079.12658514347
CX138|260321|T003346|000007|well015,144,144,0.791561125183309,-31.47125244140625,1.0,0.0,4.133206025074876,2165.367649325613,1055.062716366323
CX138|260321|T003346|000007|well016,127,127,0.8933333333333333,-31.47125244140625,1.0,0.0,4.371306361052824,1876.273576537346,1241.889759846108
CX138|260321|T003346|000007|well017,140,140,0.9015464604719372,-31.47125244140625,1.0,0.0,4.069649254029541,2054.794261534569,812.9960673318251
CX138|260321|T003346|000007|well018,109,109,0.9965337954939343,-31.47125244140625,1.0,0.0,3.995385262989219,1167.126890238711,1165.723129250567
CX138|260321|T003346|000007|well019,88,88,0.886548460205306,-25.177001953125,1.0,0.0,3.793174428290639,1959.6244481621611,1117.503385017372
CX138|260321|T003346|000007|well020,108,108,0.7199040127982936,-31.47125244140625,1.0,0.0,4.3390711640969455,2194.6399085308726,950.3229181860743
CX138|260321|T003346|000007|well021,135,135,0.8665511265164646,-31.47125244140625,1.0,0.0,3.807603197204587,2255.197379484658,1124.446783005578
CX138|260321|T003346|000007|well023,83,83,1.196507132382349,-31.47125244140625,1.0,0.0,4.284996085403907,2133.562632544451,861.6166074088485
CX138|260323|T003346|000009|well000,84,84,1.271327645961077,-31.47125244140625,1.0,0.0,4.161920489295386,2674.6996676437425,1005.492775081769
CX138|260323|T003346|000009|well001,120,120,0.9330845107971208,-31.47125244140625,1.0,0.0,4.151491854053066,2158.1961744818404,834.0775658442068
CX138|260323|T003346|000009|well002,82,82,1.5312583311117036,-31.47125244140625,1.0,0.0,4.111979777400434,2500.7829081155496,1027.366789632706
CX138|260323|T003346|000009|well003,75,75,1.45961077046121,-31.47125244140625,1.0,0.0,4.073920001209994,2462.085222370647,897.2451705243881
CX138|260323|T003346|000009|well004,92,92,1.174686750199947,-31.47125244140625,1.0,0.0,4.497716264883014,1284.095818555563,1078.435351789014
CX138|260323|T003346|000009|well005,97,97,1.432951213009864,-31.47125244140625,1.0,0.0,4.308644926359503,1801.946506522233,1125.298127706065
CX138|260323|T003346|000009|well006,64,64,1.3464871350486605,-31.47125244140625,1.0,0.0,4.485362088130685,1679.4071365796876,835.4162945333608
CX138|260323|T003346|000009|well007,139,139,0.8832155712571658,-31.47125244140625,1.0,0.0,4.055288671170113,1420.151041534264,997.810012548843
CX138|260323|T003346|000009|well008,186,186,1.191507798960139,-31.47125244140625,1.0,0.0,4.725402197794561,1854.434784759246,1114.0109233720366
CX138|260323|T003346|000009|well009,81,81,1.403146247167045,-31.47125244140625,1.0,0.0,4.277492079087411,2269.785283692975,1000.619233086107
CX138|260323|T003346|000009|well010,110,110,1.366484468737502,-31.47125244140625,1.0,0.0,4.2965980361393274,1549.8387513810394,1327.5635445861376
CX138|260323|T003346|000009|well011,141,141,1.216504466071191,-31.47125244140625,1.0,0.0,4.436843375175891,1474.529750649529,1266.006741201901
CX138|260323|T003346|000009|well012,85,85,1.436283657691282,-25.177001953125,1.0,0.0,3.72808942672756,1656.180901971061,860.4676002337463
CX138|260323|T003346|000009|well013,112,112,1.1913489736070382,-31.47125244140625,1.0,0.0,4.226520675720296,2500.9364096293516,1152.8775405885076
CX138|260323|T003346|000009|well014,84,84,1.176352972540656,-31.47125244140625,1.0,0.0,4.027968233162561,1921.5805334624283,1005.818364444476
CX138|260323|T003346|000009|well015,161,161,1.456278325779792,-31.47125244140625,1.0,0.0,4.566302915645947,1850.020988215152,973.1651664881607
CX138|260323|T003346|000009|well016,194,194,1.327979205545188,-31.47125244140625,1.0,0.0,4.560212172928605,1942.554642987413,1227.925363403744
CX138|260323|T003346|000009|well017,118,118,1.153025859770728,-31.47125244140625,1.0,0.0,4.485901475630528,1737.7034596833519,1236.1760702986098
CX138|260323|T003346|000009|well018,91,91,1.0765231302493,-31.47125244140625,1.0,0.0,4.307457006636469,1274.428851529304,974.217218723183
CX138|260323|T003346|000009|well019,88,88,1.4464738034928675,-31.47125244140625,1.0,0.0,4.256571082129455,1876.4436979328054,791.1652719879818
CX138|260323|T003346|000009|well020,80,80,1.2798293560858554,-31.47125244140625,1.0,0.0,4.173827688074599,1853.9224791343295,981.0795652492059
CX138|260323|T003346|000009|well021,109,109,1.159845353952806,-31.47125244140625,1.0,0.0,4.04694449449182,2325.160868427471,1108.746633617204
CX138|260323|T003346|000009|well023,90,90,1.4148113584855355,-31.47125244140625,1.0,0.0,4.578169645033357,2738.1720413613693,881.3026146686741
CX138|260325|T003346|000012|well000,92,92,1.0730471874166885,-31.47125244140625,1.0,0.0,4.139690325352449,2458.5002417033506,1070.9416651829856
CX138|260325|T003346|000012|well001,128,128,1.1163689682751263,-31.47125244140625,1.0,0.0,4.065359498498392,2262.5852348485423,699.7681697080307
CX138|260325|T003346|000012|well002,123,123,1.086376966142362,-31.47125244140625,1.0,0.0,4.254882181629597,2219.860557462969,710.0507347452983
CX138|260325|T003346|000012|well003,116,116,1.279658757664623,-31.47125244140625,1.0,0.0,3.9968509499014475,2424.2024693471285,889.0493422848598
CX138|260325|T003346|000012|well004,117,117,1.213009864036257,-31.47125244140625,1.0,0.0,4.09011143696693,1368.222099230286,1141.113186537445
CX138|260325|T003346|000012|well005,112,112,1.1363636363636365,-31.47125244140625,1.0,0.0,4.459255757187185,2060.92601881682,973.5283428750724
CX138|260325|T003346|000012|well006,59,59,1.159845353952806,-31.47125244140625,1.0,0.0,3.826996620294807,1480.478494223018,799.1873684896478
CX138|260325|T003346|000012|well007,173,173,0.7832289028129583,-31.47125244140625,1.0,0.0,4.57906181117084,1826.243899925851,1125.735638997621
CX138|260325|T003346|000012|well008,151,151,1.019864018130916,-37.7655029296875,1.0,0.0,5.096147405876217,1942.664779774523,966.1206334604368
CX138|260325|T003346|000012|well009,112,112,1.06985735235302,-31.47125244140625,1.0,0.0,4.276783996307016,2490.1902214147985,1298.891802170438
CX138|260325|T003346|000012|well010,172,172,0.9282095720570591,-37.7655029296875,1.0,0.0,5.278870388903702,1509.495342033709,1133.042611638183
CX138|260325|T003346|000012|well011,153,153,1.039861351819757,-37.7655029296875,1.0,0.0,4.806420080666943,1472.617152243261,941.1476287833875
CX138|260325|T003346|000012|well012,78,78,1.1898413544860684,-31.47125244140625,1.0,0.0,3.9973253411053644,1732.5021383947035,896.6159945610789
CX138|260325|T003346|000012|well013,189,189,0.8465537928276231,-37.7655029296875,1.0,0.0,5.38563641133376,2075.574065387964,1192.346199072717
CX138|260325|T003346|000012|well014,119,119,1.006532462338355,-31.47125244140625,1.0,0.0,4.269648375148809,1814.382153988608,895.8278782250271
CX138|260325|T003346|000012|well015,155,155,0.9565391281162513,-37.7655029296875,1.0,0.0,4.795841626918604,1717.897111699549,950.4311945792755
CX138|260325|T003346|000012|well016,201,201,0.7865617917610986,-37.7655029296875,1.0,0.0,5.226464570427114,1795.327062671182,965.6519289935753
CX138|260325|T003346|000012|well017,132,132,0.911545127316358,-34.618377685546875,1.0,0.0,4.6097106305632,1602.1997942713886,1452.1132212952134
CX138|260325|T003346|000012|well018,140,140,0.9597440682484671,-31.47125244140625,1.0,0.0,4.400146863651415,1456.5680082594408,1261.4101122099685
CX138|260325|T003346|000012|well019,96,96,1.2380031991468945,-31.47125244140625,1.0,0.0,4.339373866971999,2182.6314689624433,992.9686582345059
CX138|260325|T003346|000012|well020,72,72,1.1496934150893094,-31.47125244140625,1.0,0.0,4.113150903426727,2189.5173115691696,1105.4175274112904
CX138|260325|T003346|000012|well021,156,156,0.7364702745934417,-31.47125244140625,1.0,0.0,4.333732474632794,2131.358303343609,1059.0046760786126
CX138|260325|T003346|000012|well023,107,107,1.1296987470008,-31.47125244140625,1.0,0.0,4.532576787349595,2796.182555071923,939.1620908942049
CX138|260325|T003346|000014|well000,52,52,1.341666666666667,-31.47125244140625,1.0,0.0,3.8989256500626,2990.4335351410923,1154.864347712037
CX138|260325|T003346|000014|well001,86,86,1.823333333333333,-26.750564575195312,1.0,0.0,4.009509489510303,2271.8979035921484,779.4114104385831
CX138|260325|T003346|000014|well002,52,52,1.3216666666666672,-31.47125244140625,1.0,0.0,4.575942602138971,2668.1734100745225,762.4284627590612
CX138|260325|T003346|000014|well003,40,40,2.2716666666666665,-34.618377685546875,1.0,0.0,4.439495551075081,2217.1497991373526,954.320695589957
CX138|260325|T003346|000014|well004,59,59,1.516666666666667,-31.47125244140625,1.0,0.0,4.066907350539434,1213.720353497135,1277.364752057734
CX138|260325|T003346|000014|well005,81,81,0.9833333333333333,-31.47125244140625,1.0,0.0,4.432360177513432,2035.535594231669,931.7609955320719
CX138|260325|T003346|000014|well006,44,44,1.27,-28.324127197265625,1.0,0.0,3.829960492267229,1683.722288402922,656.9914009529164
CX138|260325|T003346|000014|well007,121,121,1.39,-31.47125244140625,1.0,0.0,4.3841845208051,1315.379802337829,1019.918574432385
CX138|260325|T003346|000014|well008,143,143,1.716666666666667,-31.47125244140625,1.0,0.0,4.769992722663156,1790.401791473079,753.4640732155004
CX138|260325|T003346|000014|well009,81,81,1.393333333333333,-31.47125244140625,1.0,0.0,4.259401852169604,2103.493166469281,1229.03241722169
CX138|260325|T003346|000014|well010,135,135,1.346666666666667,-31.47125244140625,1.0,0.0,4.486036169212338,1613.426340187759,1135.245653669741
CX138|260325|T003346|000014|well011,122,122,1.255,-31.47125244140625,1.0,0.0,4.366529646435479,1348.194831641549,1046.885962431002
CX138|260325|T003346|000014|well012,42,42,1.4583333333333335,-31.47125244140625,1.0,0.0,4.293805331801492,2471.868478013428,922.5318448881494
CX138|260325|T003346|000014|well013,144,144,1.128258116125592,-31.47125244140625,1.0,0.0,4.662420582650915,2251.4906465932727,1135.8850592552703
CX138|260325|T003346|000014|well014,74,74,1.475,-31.47125244140625,1.0,0.0,4.221871192262007,1873.6847822236296,986.1859623059885
CX138|260325|T003346|000014|well015,125,125,1.606666666666667,-31.47125244140625,1.0,0.0,4.495276680340757,1580.929538936537,989.9363761571051
CX138|260325|T003346|000014|well016,166,166,1.645,-31.47125244140625,1.0,0.0,4.528109793027284,1897.297658155464,1006.6605647880169
CX138|260325|T003346|000014|well017,106,106,1.0966666666666667,-31.47125244140625,1.0,0.0,4.634132068998678,1390.976435370625,1346.928961077021
CX138|260325|T003346|000014|well018,83,83,1.273333333333333,-31.47125244140625,1.0,0.0,4.406240774232565,1514.112174436898,1141.118006918421
CX138|260325|T003346|000014|well019,43,43,1.8,-31.47125244140625,1.0,0.0,4.511422332543328,2026.555821211114,1060.228832314162
CX138|260325|T003346|000014|well020,36,36,2.078333333333333,-31.47125244140625,1.0,0.0,4.1834904707356735,2513.5371171533734,854.6909477200775
CX138|260325|T003346|000014|well021,97,97,1.446666666666667,-31.47125244140625,1.0,0.0,4.275786641687377,2448.613589594593,1079.880020659045
CX138|260325|T003346|000014|well023,58,58,1.733333333333333,-37.7655029296875,1.0,0.0,4.541236828413765,2712.295808870421,1136.010588363824
CX138|260326|T003346|000016|well000,71,71,1.013198240234636,-31.47125244140625,1.0,0.0,4.119858075069291,2569.938936080563,960.5052282436782
CX138|260326|T003346|000016|well001,107,107,1.783095587255033,-31.47125244140625,1.0,0.0,4.264516529242764,2482.961345898955,852.0483011200607
CX138|260326|T003346|000016|well002,99,99,1.189841354486069,-31.47125244140625,1.0,0.0,4.161166286993597,2187.77833800589,707.9758661523491
CX138|260326|T003346|000016|well003,65,65,1.556459138781496,-31.47125244140625,1.0,0.0,3.957909788615899,2281.950515903137,727.7335924309346
CX138|260326|T003346|000016|well004,90,90,1.3731502466337822,-31.47125244140625,1.0,0.0,4.512563651148528,1051.573696304202,1274.5258669545765
CX138|260326|T003346|000016|well005,124,124,1.1231835755232633,-37.7655029296875,1.0,0.0,4.916782360414067,2255.9011875448687,1091.9364293529106
CX138|260326|T003346|000016|well006,62,62,1.6383333333333334,-31.47125244140625,1.0,0.0,3.965293408711323,1812.5661400198574,709.9793813379954
CX138|260326|T003346|000016|well007,150,150,1.4116666666666666,-31.47125244140625,1.0,0.0,4.21826267149288,1833.7321140284466,1046.1098758215044
CX138|260326|T003346|000016|well008,159,159,1.39,-31.47125244140625,1.0,0.0,4.790227827346538,1754.980107578365,960.2056706970699
CX138|260326|T003346|000016|well009,98,98,1.3733333333333335,-34.618377685546875,1.0,0.0,4.844863550189659,2602.716204211989,1222.8936074656458
CX138|260326|T003346|000016|well010,147,147,1.086666666666667,-31.47125244140625,1.0,0.0,4.891059156542251,1372.389207573972,1332.819393637781
CX138|260326|T003346|000016|well011,137,137,1.156666666666667,-37.7655029296875,1.0,0.0,4.731921855469317,1360.780132369697,1115.96091903518
CX138|260326|T003346|000016|well012,75,75,1.3,-31.47125244140625,1.0,0.0,3.967386166805635,1689.834720784487,830.8612923234119
CX138|260326|T003346|000016|well013,148,148,1.1833333333333336,-37.7655029296875,1.0,0.0,5.350062180811724,1925.0826755174355,953.6710194997831
CX138|260326|T003346|000016|well014,120,120,1.2349999999999999,-31.47125244140625,1.0,0.0,4.307691437737114,1690.338649494363,1076.543567215813
CX138|260326|T003346|000016|well015,142,142,1.435,-31.47125244140625,1.0,0.0,4.672197619807029,1407.62450495659,986.6803110851638
CX138|260326|T003346|000016|well016,155,155,1.273333333333333,-31.47125244140625,1.0,0.0,5.034392749111334,1583.148854100766,1003.498141149716
CX138|260326|T003346|000016|well017,126,126,1.2983333333333336,-31.47125244140625,1.0,0.0,4.519382092601033,1468.85566627462,1299.2942749514432
CX138|260326|T003346|000016|well018,98,98,0.8915477936275165,-31.47125244140625,1.0,0.0,4.119185462713277,986.8024524709213,1329.1380037313074
CX138|260326|T003346|000016|well019,93,93,1.643114251433142,-31.47125244140625,1.0,0.0,4.095506538310564,2127.464087086058,1075.213860020247
CX138|260326|T003346|000016|well020,70,70,1.2198373550193304,-31.47125244140625,1.0,0.0,4.298192349664128,1810.532651687034,1203.7297045196829
CX138|260326|T003346|000016|well021,146,146,1.4698040261298495,-31.47125244140625,1.0,0.0,4.243894308255971,2494.4342723262607,1082.1925333173676
CX138|260326|T003346|000016|well023,99,99,1.439808025596587,-31.47125244140625,1.0,0.0,4.296506561508928,2866.61816018368,938.9939618871957
CX138|260327|T003346|000019|well000,73,73,1.276326312983205,-31.47125244140625,1.0,0.0,4.173743683427978,2572.332693674265,966.1109888228797
CX138|260327|T003346|000019|well001,78,78,1.431284990669155,-31.47125244140625,1.0,0.0,4.361384310732166,2155.0452142359354,805.982700051328
CX138|260327|T003346|000019|well002,86,86,1.041388962943215,-31.47125244140625,1.0,0.0,4.383478690893936,2092.1648457118795,712.8737255883092
CX138|260327|T003346|000019|well003,93,93,1.722873900293255,-37.7655029296875,1.0,0.0,4.445500963549648,2300.179824998514,915.4080935020744
CX138|260327|T003346|000019|well004,100,100,1.4146227672620637,-31.47125244140625,1.0,0.0,4.310540038484756,1517.8354681290557,1129.1715767127644
CX138|260327|T003346|000019|well005,126,126,1.1247000799786724,-37.7655029296875,1.0,0.0,4.782962753954376,2426.7111178244,1159.040230355677
CX138|260327|T003346|000019|well006,79,79,1.189841354486069,-31.47125244140625,1.0,0.0,3.917107239698266,2228.3589958927,829.8198951035941
CX138|260327|T003346|000019|well007,126,126,1.0248633515531265,-31.47125244140625,1.0,0.0,4.584415421168333,1947.5712249128019,954.4968951595554
CX138|260327|T003346|000019|well008,139,139,0.9832022397013732,-37.7655029296875,1.0,0.0,5.687191596102185,1729.006998948907,873.1432085804316
CX138|260327|T003346|000019|well009,103,103,1.246500466604453,-31.47125244140625,1.0,0.0,4.340055648416467,2396.622164937143,1298.752293020925
CX138|260327|T003346|000019|well010,181,181,1.229836021863752,-37.7655029296875,1.0,0.0,5.069469901043139,1576.242859079713,1228.492798787604
CX138|260327|T003346|000019|well011,162,162,1.354819357419011,-37.7655029296875,1.0,0.0,5.361921353887431,1327.2704180417165,1276.7468373763782
CX138|260327|T003346|000019|well012,83,83,1.446666666666667,-31.47125244140625,1.0,0.0,4.011127038837229,1813.087855239552,1010.999532226725
CX138|260327|T003346|000019|well013,165,165,0.9966666666666667,-37.7655029296875,1.0,0.0,5.417509532023604,1991.406063446657,937.229114299517
CX138|260327|T003346|000019|well014,109,109,1.073333333333333,-31.47125244140625,1.0,0.0,4.468270514992428,1585.37037763236,1018.543212896489
CX138|260327|T003346|000019|well015,185,185,1.216666666666667,-37.7655029296875,1.0,0.0,5.097254921712839,1546.258152168723,948.5940076887697
CX138|260327|T003346|000019|well016,185,185,1.046666666666667,-37.7655029296875,1.0,0.0,5.52527257310627,1460.464716091333,1097.643471666759
CX138|260327|T003346|000019|well017,135,135,1.266666666666667,-31.47125244140625,1.0,0.0,4.580128000323583,1711.676350503367,1248.330166559751
CX138|260327|T003346|000019|well018,71,71,1.260168022402987,-31.47125244140625,1.0,0.0,4.178547686382243,1252.54338240232,1155.548531799511
CX138|260327|T003346|000019|well019,84,84,1.4318575810108016,-31.47125244140625,1.0,0.0,4.3545045141256065,2396.6048257332436,1064.873044382083
CX138|260327|T003346|000019|well020,65,65,1.040138685158021,-31.47125244140625,1.0,0.0,3.895651921534755,1974.544305207177,925.3459508374968
CX138|260327|T003346|000019|well021,123,123,1.1201493532471,-31.47125244140625,1.0,0.0,4.220963696809449,2307.07443208838,1088.637162274503
CX138|260327|T003346|000019|well023,89,89,1.143485798106414,-31.47125244140625,1.0,0.0,4.444998162015122,2795.772388343818,691.8650872347348
CX138|260328|T003346|000027|well000,60,60,1.199680085310584,-31.47125244140625,1.0,0.0,4.2847322167937145,2239.222118202815,1266.3164421700426
CX138|260328|T003346|000027|well001,100,100,1.1313649693415089,-31.47125244140625,1.0,0.0,4.125522972358281,2446.371826543691,821.6494677925801
CX138|260328|T003346|000027|well002,122,122,0.9364169554785391,-31.47125244140625,1.0,0.0,4.0923630067654395,1946.395439013571,953.2441892221842
CX138|260328|T003346|000027|well003,89,89,1.1296987470008,-31.47125244140625,1.0,0.0,4.577090256861069,2286.330446007776,868.7584647928463
CX138|260328|T003346|000027|well004,147,147,0.9397494001599574,-31.47125244140625,1.0,0.0,4.207827495742793,1266.267270468168,1133.1926111479
CX138|260328|T003346|000027|well005,126,126,0.9680751799520129,-31.47125244140625,1.0,0.0,4.621241341364124,2033.6411622193887,1394.5276780622255
CX138|260328|T003346|000027|well006,71,71,0.8698840154646048,-31.47125244140625,1.0,0.0,3.934978359605906,1946.754273522543,794.0837723654201
CX138|260328|T003346|000027|well007,136,136,0.7099053459538729,-31.47125244140625,1.0,0.0,4.895249373720832,1652.766118157844,1059.7460888899209
CX138|260328|T003346|000027|well008,168,168,0.6999066791094521,-31.47125244140625,1.0,0.0,5.180761546065666,1726.4294779651163,925.7017402168351
CX138|260328|T003346|000027|well009,86,86,0.9498733502199708,-31.47125244140625,1.0,0.0,3.9795825786626353,2446.4238661769514,1232.661751878723
CX138|260328|T003346|000027|well010,170,170,1.2331689108118922,-37.7655029296875,1.0,0.0,5.138972198038808,1500.1764739095286,1073.595921989242
CX138|260328|T003346|000027|well011,148,148,1.153179576056526,-31.47125244140625,1.0,0.0,4.731767685998133,1036.561868155657,1287.8141227049896
CX138|260328|T003346|000027|well012,62,62,0.9114236203679019,-31.47125244140625,1.0,0.0,4.1531513466477925,1665.1877401828924,688.2945910168121
CX138|260328|T003346|000027|well013,203,203,0.6731538256464943,-37.7655029296875,1.0,0.0,5.56877798685828,1839.81582084315,999.7152084322522
CX138|260328|T003346|000027|well014,166,166,1.4612769928019196,-31.47125244140625,1.0,0.0,4.686358227902563,1921.8924549824565,1056.215847569629
CX138|260328|T003346|000027|well015,150,150,0.911423620367902,-31.47125244140625,1.0,0.0,4.842761562174866,1284.7532430338945,937.8791222860475
CX138|260328|T003346|000027|well016,200,200,0.9080911756864837,-37.7655029296875,1.0,0.0,5.235416890432085,1790.743351479972,953.234920420732
CX138|260328|T003346|000027|well017,167,167,0.9364169554785391,-31.47125244140625,1.0,0.0,4.625655570933698,1827.515126501155,1344.018026949343
CX138|260328|T003346|000027|well018,81,81,0.796454278858971,-31.47125244140625,1.0,0.0,3.98351301504838,1286.197465308722,1163.537834797237
CX138|260328|T003346|000027|well019,131,131,0.819781391628899,-25.177001953125,1.0,0.0,3.912041616433353,1852.180317681295,1070.399105178293
CX138|260328|T003346|000027|well020,78,78,1.014729405491869,-31.47125244140625,1.0,0.0,4.346633867842723,1718.198194615782,968.3272004855708
CX138|260328|T003346|000027|well021,101,101,1.119701412956545,-31.47125244140625,1.0,0.0,4.347764929654284,2307.389925183546,1165.221511043755
CX138|260328|T003346|000027|well023,80,80,1.1363636363636367,-37.7655029296875,1.0,0.0,4.61478095481807,2723.8591989916767,708.8491742234633
CX138|260329|T003346|000029|well000,59,59,0.9564116235670488,-31.47125244140625,1.0,0.0,4.335625747240238,2280.911652247577,1068.574349076128
CX138|260329|T003346|000029|well001,91,91,1.256331644894695,-31.47125244140625,1.0,0.0,4.618788446560934,2487.377725027258,835.8320781685763
CX138|260329|T003346|000029|well002,125,125,1.189682751266329,-31.47125244140625,1.0,0.0,4.51243243221147,1958.778216218045,971.019683428142
CX138|260329|T003346|000029|well003,110,110,1.0547187416688883,-31.47125244140625,1.0,0.0,4.192993251443815,2293.2541506896832,892.527800916765
CX138|260329|T003346|000029|well004,104,104,0.9730738469741402,-31.47125244140625,1.0,0.0,4.426041465685814,1174.771299968318,1069.2956429845149
CX138|260329|T003346|000029|well005,161,161,0.9330845107971208,-31.47125244140625,1.0,0.0,4.372419782460668,1938.893404168481,1106.350763840609
CX138|260329|T003346|000029|well006,66,66,1.1315157978936146,-31.47125244140625,1.0,0.0,3.839699921503687,2104.2130529504225,926.8753267215682
CX138|260329|T003346|000029|well007,124,124,1.114851353152913,-37.7655029296875,1.0,0.0,4.9100204973381665,1590.023368485659,927.9234837712885
CX138|260329|T003346|000029|well008,163,163,1.003199573390215,-31.47125244140625,1.0,0.0,4.818556401608842,1635.476918392501,1009.909350353596
CX138|260329|T003346|000029|well009,51,51,1.276496467137715,-31.47125244140625,1.0,0.0,4.15387075936215,2770.158402697266,1271.448170206396
CX138|260329|T003346|000029|well010,211,211,1.063191574456739,-37.7655029296875,1.0,0.0,4.749830381128673,1339.095525754617,1216.529606277428
CX138|260329|T003346|000029|well011,139,139,0.9098786828422878,-31.47125244140625,1.0,0.0,4.5690008750995,1167.804483105015,1277.237577452746
CX138|260329|T003346|000029|well012,83,83,1.113184908678843,-31.47125244140625,1.0,0.0,4.177810652913341,1493.833207440802,784.5534787954124
CX138|260329|T003346|000029|well013,141,141,0.4866017864284762,-37.7655029296875,1.0,0.0,5.097289542044888,2044.505189060174,1013.913819681593
CX138|260329|T003346|000029|well014,142,142,1.1581789094787365,-37.7655029296875,1.0,0.0,5.008090672831981,1799.76091595636,958.2447776669969
CX138|260329|T003346|000029|well015,130,130,0.8648846820423944,-31.47125244140625,1.0,0.0,4.319232782087757,1185.3291151290496,943.1542339960142
CX138|260329|T003346|000029|well016,165,165,0.9898680175976537,-37.7655029296875,1.0,0.0,5.225483085480451,1557.681017712519,1108.838958641923
CX138|260329|T003346|000029|well017,149,149,0.9698706839088123,-31.47125244140625,1.0,0.0,4.54539704218434,1508.501733923495,1438.611324174583
CX138|260329|T003346|000029|well018,67,67,0.7931218341775527,-31.47125244140625,1.0,0.0,4.679040341274282,1146.945116525279,1127.414098445289
CX138|260329|T003346|000029|well019,128,128,0.8264462809917357,-31.47125244140625,1.0,0.0,4.622698864697765,1594.9311070238514,1110.147604918304
CX138|260329|T003346|000029|well020,82,82,0.8581045054652092,-31.47125244140625,1.0,0.0,4.178921382922413,2162.7630270842296,1258.697544614443
CX138|260329|T003346|000029|well021,98,98,1.143028525726473,-31.47125244140625,1.0,0.0,4.522047387409502,2235.3289333794196,1106.6996031183576
CX138|260329|T003346|000029|well023,115,115,1.103039189549454,-31.47125244140625,1.0,0.0,4.198149179375776,2739.131661844969,912.7953966226855
CX138|260330|T003346|000031|well000,73,73,1.033195573923477,-31.47125244140625,1.0,0.0,4.104945717362381,2005.45869808805,1184.207776155165
CX138|260330|T003346|000031|well001,117,117,1.383148913478203,-31.47125244140625,1.0,0.0,4.357206152614777,2507.85885775304,816.8200704143987
CX138|260330|T003346|000031|well002,152,152,1.408145580589255,-31.47125244140625,1.0,0.0,4.418832590155457,2139.136594622697,946.5725818226866
CX138|260330|T003346|000031|well003,121,121,0.9432075723236902,-25.177001953125,1.0,0.0,4.078984289880392,2493.712248055748,834.7045836992672
CX138|260330|T003346|000031|well004,83,83,1.053192907612319,-31.47125244140625,1.0,0.0,3.991565326443424,1597.169463437564,1036.525839784005
CX138|260330|T003346|000031|well005,126,126,1.0048660178642848,-31.47125244140625,1.0,0.0,4.571251831725407,2351.006419876886,1296.8853991368169
CX138|260330|T003346|000031|well006,57,57,1.249833355552593,-31.47125244140625,1.0,0.0,4.046939180329259,2259.401063884075,846.4992716911191
CX138|260330|T003346|000031|well007,53,53,1.239834688708172,-31.47125244140625,1.0,0.0,4.30118831563926,1759.259475190437,1163.867731191355
CX138|260330|T003346|000031|well008,179,179,0.8132249033462206,-37.7655029296875,1.0,0.0,5.171088952642942,1709.407765685639,982.7102461169087
CX138|260330|T003346|000031|well009,43,43,1.313158245567258,-31.47125244140625,1.0,0.0,4.076523123300937,2127.964594322172,1071.409794262961
CX138|260330|T003346|000031|well010,163,163,0.9298760165311293,-31.47125244140625,1.0,0.0,4.75368968949246,1670.794478707341,1283.492406983218
CX138|260330|T003346|000031|well011,155,155,0.913211571790428,-31.47125244140625,1.0,0.0,4.796709061761095,1054.559610037347,1173.377900386086
CX138|260330|T003346|000031|well012,68,68,1.295,-31.47125244140625,1.0,0.0,4.0185621654313115,1738.595178956145,1069.736415491418
CX138|260330|T003346|000031|well013,122,122,0.6666666666666667,-37.7655029296875,1.0,0.0,5.363135225100262,1775.2578321089063,933.4729593220096
CX138|260330|T003346|000031|well014,137,137,1.536666666666667,-37.7655029296875,1.0,0.0,4.960379796973164,1984.780271513011,959.892017268839
CX138|260330|T003346|000031|well015,107,107,0.8633333333333333,-31.47125244140625,1.0,0.0,4.392282078201377,1125.502707050386,751.308382871052
CX138|260330|T003346|000031|well016,181,181,0.5533333333333333,-44.05975341796875,1.0,0.0,5.634692403565696,1554.274020657861,774.3813506118058
CX138|260330|T003346|000031|well017,144,144,0.88,-31.47125244140625,1.0,0.0,4.376567281947903,1552.116513154797,1238.128944374023
CX138|260330|T003346|000031|well018,65,65,0.8231138363103173,-31.47125244140625,1.0,0.0,4.764027779580392,1185.099406412846,1248.719664459239
CX138|260330|T003346|000031|well019,97,97,0.5465209277525993,-31.47125244140625,1.0,0.0,4.16596701969398,1900.018556235825,1132.671323807139
CX138|260330|T003346|000031|well020,105,105,0.6165022660623833,-31.47125244140625,1.0,0.0,3.94546688137246,1890.42737829514,1276.15539742079
CX138|260330|T003346|000031|well021,115,115,0.8631031724873367,-31.47125244140625,1.0,0.0,4.402511432347696,2255.135642962162,1169.247837261431
CX138|260330|T003346|000031|well023,110,110,0.9314182884564117,-37.7655029296875,1.0,0.0,4.681016676966263,2812.7849203481173,972.3739573888749
CX138|260401|T003346|000033|well000,81,81,0.6833333333333333,-25.177001953125,1.0,0.0,3.841345267988619,1862.936080597172,1042.06236457258
CX138|260401|T003346|000033|well001,80,80,1.186666666666667,-31.47125244140625,1.0,0.0,4.094020412311566,2501.461200112225,858.5569851053251
CX138|260401|T003346|000033|well002,80,80,0.9166666666666666,-31.47125244140625,1.0,0.0,3.906647128262321,2243.7525198149715,981.9893371768068
CX138|260401|T003346|000033|well003,96,96,1.2,-31.47125244140625,1.0,0.0,4.00959574245647,2499.406931616825,787.8023475521989
CX138|260401|T003346|000033|well004,136,136,0.635,-31.47125244140625,1.0,0.0,4.1403901800136325,1073.2128461067537,1233.283043684366
CX138|260401|T003346|000033|well005,124,124,0.76,-31.47125244140625,1.0,0.0,4.41240538108013,2045.585807680964,1189.159417108249
CX138|260401|T003346|000033|well006,59,59,0.8866666666666667,-31.47125244140625,1.0,0.0,3.940439274808938,2262.249976209956,730.5386774851083
CX138|260401|T003346|000033|well007,18,18,1.605,-25.177001953125,1.0,0.0,3.74837256326485,2135.145286055675,963.5577219397364
CX138|260401|T003346|000033|well008,186,186,1.013333333333333,-37.7655029296875,1.0,0.0,5.125945346086369,1916.094979348085,1047.8551991830864
CX138|260401|T003346|000033|well009,53,53,1.47,-31.47125244140625,1.0,0.0,4.156212261142445,2392.5527829702,996.3539051843887
CX138|260401|T003346|000033|well010,165,165,0.8533333333333334,-37.7655029296875,1.0,0.0,4.880957274775014,1445.355151383736,1282.161517128817
CX138|260401|T003346|000033|well011,141,141,0.7733333333333333,-31.47125244140625,1.0,0.0,4.593282510181475,1040.98429172116,1176.094606273866
CX138|260401|T003346|000033|well012,99,99,0.9297520661157025,-31.47125244140625,1.0,0.0,4.233179321408012,1667.497999486509,1134.91452910057
CX138|260401|T003346|000033|well013,117,117,0.5698480405225274,-37.7655029296875,1.0,0.0,6.266077462299338,1591.666513754146,1075.239443841593
CX138|260401|T003346|000033|well014,161,161,1.389629432151426,-37.7655029296875,1.0,0.0,4.783309196475116,1861.380718258428,968.233360489384
CX138|260401|T003346|000033|well015,115,115,0.796454278858971,-31.47125244140625,1.0,0.0,4.801453382581994,1324.854744312987,830.8994675714258
CX138|260401|T003346|000033|well016,154,154,0.8681018395094642,-31.47125244140625,1.0,0.0,5.124714666866192,1665.0534738689767,934.880726127097
CX138|260401|T003346|000033|well017,123,123,0.7664622767262064,-31.47125244140625,1.0,0.0,4.369351057973119,1515.866792736745,1572.58957937948
CX138|260401|T003346|000033|well018,72,72,0.905,-31.47125244140625,1.0,0.0,4.443896708217005,1384.224840860016,1171.375100020026
CX138|260401|T003346|000033|well019,3,3,1.63,-62.9425048828125,1.0,0.0,7.195950035834829,3553.807840170397,1169.076171402942
CX138|260401|T003346|000033|well020,109,109,0.63,-31.47125244140625,1.0,0.0,4.457822462617677,1739.511928668893,1077.603169844844
CX138|260401|T003346|000033|well021,103,103,0.9133333333333333,-31.47125244140625,1.0,0.0,4.150705562385049,2205.635257712952,1101.054984678658
CX138|260401|T003346|000033|well023,130,130,0.7833333333333333,-31.47125244140625,1.0,0.0,4.056921190243582,2105.015925997421,1061.442109935512
CX138|260402|T003346|000035|well000,75,75,0.8366666666666667,-31.47125244140625,1.0,0.0,3.909288471445523,2173.73210537222,1321.112230612426
CX138|260402|T003346|000035|well001,51,51,1.28,-25.177001953125,1.0,0.0,4.055034693816859,2575.717122710914,830.4837899440569
CX138|260402|T003346|000035|well002,40,40,0.9916666666666667,-28.324127197265625,1.0,0.0,3.8127421967910022,2319.797188803141,484.9224835610896
CX138|260402|T003346|000035|well003,110,110,1.0083333333333335,-31.47125244140625,1.0,0.0,3.9046381704237625,2414.1074110296545,732.1709594032109
CX138|260402|T003346|000035|well004,97,97,0.74,-31.47125244140625,1.0,0.0,3.954961654740289,1008.970802852036,1085.75726515935
CX138|260402|T003346|000035|well005,153,153,0.78,-31.47125244140625,1.0,0.0,4.285715950039923,2247.404679649952,1233.734017288344
CX138|260402|T003346|000035|well006,51,51,0.9566666666666667,-31.47125244140625,1.0,0.0,4.01669260216452,2090.532692852261,781.2822228287329
CX138|260402|T003346|000035|well007,17,17,1.15,-37.7655029296875,1.0,0.0,5.470117288677471,2171.069617937816,1207.287573118455
CX138|260402|T003346|000035|well008,82,82,0.7116666666666667,-25.177001953125,1.0,0.0,4.1531259542722925,1873.9134429340475,1042.0812609113896
CX138|260402|T003346|000035|well009,39,39,1.413333333333333,-31.47125244140625,1.0,0.0,3.977761047249752,3006.466362600853,1150.294365091382
CX138|260402|T003346|000035|well010,163,163,0.99,-31.47125244140625,1.0,0.0,4.865724499709918,1595.32729943197,1158.515674468706
CX138|260402|T003346|000035|well011,151,151,0.8733333333333333,-37.7655029296875,1.0,0.0,5.109937657719491,1193.279710740859,1194.112804902946
CX138|260402|T003346|000035|well012,112,112,0.8466666666666667,-31.47125244140625,1.0,0.0,4.1918072543852345,1602.28850881924,1056.441242411748
CX138|260402|T003346|000035|well013,59,59,0.68,-31.47125244140625,1.0,0.0,4.737116042812938,1603.70781030691,1333.641207809275
CX138|260402|T003346|000035|well014,72,72,1.2016666666666664,-31.47125244140625,1.0,0.0,3.8832359938858514,1422.8050189255023,1005.8080248116015
CX138|260402|T003346|000035|well015,110,110,0.5366666666666666,-37.7655029296875,1.0,0.0,5.0554227614525455,1629.620885769123,1050.1641660361215
CX138|260402|T003346|000035|well016,196,196,0.8833333333333333,-31.47125244140625,1.0,0.0,4.787443181185053,1637.4437035101055,865.1666220180508
CX138|260402|T003346|000035|well017,95,95,0.95,-31.47125244140625,1.0,0.0,4.552806577870417,1499.862683662051,1459.219975796105
CX138|260402|T003346|000035|well018,90,90,0.7216666666666667,-31.47125244140625,1.0,0.0,3.950492852809041,1091.220195983196,976.1689407091081
CX138|260402|T003346|000035|well019,1,1,1.409812025063325,-56.64825439453125,1.0,0.0,6.658800207211462,1718.254929238129,1666.786938543483
CX138|260402|T003346|000035|well020,50,50,0.6933333333333334,-31.47125244140625,1.0,0.0,4.543592433163931,1574.007508068807,1061.2621568725885
CX138|260402|T003346|000035|well021,95,95,0.9133333333333333,-31.47125244140625,1.0,0.0,4.417159475741984,2563.976854894949,1178.977013802013
CX138|260402|T003346|000035|well023,113,113,0.89,-31.47125244140625,1.0,0.0,4.214214710358212,2066.302373347208,975.6527719861199
CX138|260402|T003346|000036|well000,121,121,0.4899346753766165,-31.47125244140625,1.0,0.0,4.132639044807894,2091.062287039388,1019.523179433362
CX138|260402|T003346|000036|well001,110,110,0.8798826823090256,-25.177001953125,1.0,0.0,3.85228415036445,2491.798163829306,905.4396137690386
CX138|260402|T003346|000036|well002,88,88,0.4816024530062658,-25.177001953125,1.0,0.0,3.8317270746909804,2227.8245481351423,830.470587613044
CX138|260402|T003346|000036|well003,171,171,0.7099053459538729,-31.47125244140625,1.0,0.0,3.990367875969081,2052.469513340026,832.0975397902096
CX138|260402|T003346|000036|well004,161,161,0.7632315691241168,-25.177001953125,1.0,0.0,3.909674723754974,1238.060046548522,1042.547129245976
CX138|260402|T003346|000036|well005,281,281,0.6732435675243301,-31.47125244140625,1.0,0.0,4.539835933406594,2157.108692817757,1111.566447827475
CX138|260402|T003346|000036|well006,105,105,0.6032528996133849,-25.177001953125,1.0,0.0,3.780108537682471,2012.5,962.5000000779227
CX138|260402|T003346|000036|well007,16,16,1.098186908412212,-31.47125244140625,1.0,0.0,4.197782812687449,1192.9337228041431,676.582641627668
CX138|260402|T003346|000036|well008,128,128,0.5265964538061592,-26.750564575195312,1.0,0.0,4.144433419828142,1592.500000140864,1006.4000450900376
CX138|260402|T003346|000036|well009,85,85,0.6532462338354886,-31.47125244140625,1.0,0.0,4.134914732728793,2333.396797529433,945.0000000633356
CX138|260402|T003346|000036|well010,343,343,0.8698840154646048,-31.47125244140625,1.0,0.0,4.324125490678601,1679.605091435486,1207.5
CX138|260402|T003346|000036|well011,243,243,0.616584455405946,-31.47125244140625,1.0,0.0,4.451767995938633,1122.547042506311,1190.0
CX138|260402|T003346|000036|well012,140,140,0.7815624583388883,-31.47125244140625,1.0,0.0,4.146883861940918,1826.8850807393069,1102.0557373250122
CX138|260402|T003346|000036|well013,94,94,0.5032662311691776,-31.47125244140625,1.0,0.0,4.759950658989314,1976.3404032715825,1380.9454626646634
CX138|260402|T003346|000036|well014,152,152,0.5715904546060526,-31.47125244140625,1.0,0.0,3.9587927571643338,1502.0822888478835,1015.0
CX138|260402|T003346|000036|well015,213,213,0.5565924543394215,-31.47125244140625,1.0,0.0,4.662350272192429,1598.253236517985,963.9683839178069
CX138|260402|T003346|000036|well016,317,317,0.6099186775096654,-37.7655029296875,1.0,0.0,4.761104660442164,1690.537594785695,935.4394221698108
CX138|260402|T003346|000036|well017,205,205,0.7465671243834157,-31.47125244140625,1.0,0.0,4.330250658333932,1859.01336996792,1275.642830344464
CX138|260402|T003346|000036|well018,154,154,0.7165711238501533,-31.47125244140625,1.0,0.0,4.272671111691127,1189.1239821973459,1173.8296783160424
CX138|260402|T003346|000036|well019,2,2,1.6831089188108255,-37.7655029296875,1.0,0.0,4.416975152100019,2909.0407435954944,1290.777747171896
CX138|260402|T003346|000036|well020,61,61,0.6799093454206107,-31.47125244140625,1.0,0.0,4.721429043717469,1522.5,1059.134842144231
CX138|260402|T003346|000036|well021,175,175,0.8198906812425011,-31.47125244140625,1.0,0.0,4.414449902929667,2217.929257588052,992.7132519241493
CX138|260402|T003346|000036|well023,237,237,0.6932409012131716,-31.47125244140625,1.0,0.0,4.18529667283348,2247.36928891511,1045.81801278827
CX138|260404|T003346|000041|well000,106,106,0.7083333333333333,-31.47125244140625,1.0,0.0,4.001516784629153,1356.148137843721,1111.4351633245835
CX138|260404|T003346|000041|well001,15,15,1.233333333333333,-31.47125244140625,1.0,0.0,4.422487778192577,2731.659457920271,1093.893711055308
CX138|260404|T003346|000041|well002,148,148,0.9166666666666666,-31.47125244140625,1.0,0.0,4.136989504426749,1872.0141953560285,886.9027816614216
CX138|260404|T003346|000041|well003,81,81,0.9566666666666667,-25.177001953125,1.0,0.0,4.074810736611401,2384.883642033792,794.3842373772407
CX138|260404|T003346|000041|well004,63,63,0.87,-25.177001953125,1.0,0.0,4.087414295076847,1120.059990433793,1048.854644838594
CX138|260404|T003346|000041|well005,131,131,0.82,-28.32412719726562,1.0,0.0,3.977041455916979,2540.075716560418,1036.130068080223
CX138|260404|T003346|000041|well006,75,75,0.7866666666666666,-31.47125244140625,1.0,0.0,3.922519918656522,1553.133703420523,1186.671918811229
CX138|260404|T003346|000041|well007,139,139,0.7833333333333333,-31.47125244140625,1.0,0.0,4.37353960030181,2061.372146696344,1044.87473443619
CX138|260404|T003346|000041|well008,82,82,0.6766666666666667,-28.324127197265625,1.0,0.0,4.582602065390157,2059.8270498660713,960.9417625906394
CX138|260404|T003346|000041|well009,68,68,0.8666666666666667,-31.47125244140625,1.0,0.0,4.058205613738255,2651.1393911819964,1050.2684018719135
CX138|260404|T003346|000041|well010,115,115,0.9933333333333333,-37.7655029296875,1.0,0.0,4.914833493490611,1688.609043538389,1285.036152119098
CX138|260404|T003346|000041|well011,134,134,0.7583333333333333,-31.47125244140625,1.0,0.0,4.521365571659574,988.7102020307395,1343.439280571336
CX138|260404|T003346|000041|well012,125,125,0.7866666666666666,-31.47125244140625,1.0,0.0,4.181837561788637,1739.63145729828,1005.728311376899
CX138|260404|T003346|000041|well013,19,19,0.5633333333333334,-44.05975341796875,1.0,0.0,5.674511835406487,1642.008836303087,1103.187679579149
CX138|260404|T003346|000041|well014,162,162,1.5683333333333336,-31.47125244140625,1.0,0.0,4.494733205023559,1971.6992847017968,977.8172644742792
CX138|260404|T003346|000041|well015,104,104,0.8366666666666667,-37.7655029296875,1.0,0.0,4.949956224585912,1399.54001298157,861.8205411093143
CX138|260404|T003346|000041|well016,164,164,0.67,-37.7655029296875,1.0,0.0,5.081008323460662,1716.7358358114925,951.5459523000701
CX138|260404|T003346|000041|well017,134,134,0.75,-31.47125244140625,1.0,0.0,4.516378293872271,1597.8294896475431,1347.9671233676024
CX138|260404|T003346|000041|well018,72,72,0.698240234635382,-31.47125244140625,1.0,0.0,4.684051822267321,1482.0153240089048,1209.1465840059382
CX138|260404|T003346|000041|well019,1,1,0.7365684575389949,-31.47125244140625,1.0,0.0,4.07440686025684,3407.394994960174,1340.587974874489
CX138|260404|T003346|000041|well020,116,116,0.6132515664578057,-31.47125244140625,1.0,0.0,4.17830191465252,2001.1694514571454,1142.715580818177
CX138|260404|T003346|000041|well021,80,80,0.8432209038794829,-31.47125244140625,1.0,0.0,4.116555527429101,2348.6788578245987,948.7850050291199
CX138|260404|T003346|000041|well023,76,76,1.034862018397547,-31.47125244140625,1.0,0.0,4.554032923076576,2765.6459667931113,714.5250284997128
CX138|260404|T003346|000043|well000,57,57,0.6033333333333334,-31.47125244140625,1.0,0.0,4.156104342764302,2765.843083134082,1347.657038009196
CX138|260404|T003346|000043|well001,92,92,0.6133333333333333,-28.324127197265625,1.0,0.0,4.1351285255764,2427.061867216339,888.473493182355
CX138|260404|T003346|000043|well002,119,119,1.173333333333333,-25.177001953125,1.0,0.0,4.07605355639368,2327.320806501052,967.5308330963802
CX138|260404|T003346|000043|well003,30,30,1.37,-31.47125244140625,1.0,0.0,4.078614859440911,2469.8261326610104,1000.8663207142391
CX138|260404|T003346|000043|well004,70,70,1.0466666666666664,-31.47125244140625,1.0,0.0,4.129222467769365,869.3831410546267,1101.168393153863
CX138|260404|T003346|000043|well005,103,103,0.6633333333333333,-31.47125244140625,1.0,0.0,4.372713696528411,2171.36611907748,1040.625780926167
CX138|260404|T003346|000043|well006,25,25,1.723103586188508,-31.47125244140625,1.0,0.0,4.519084128609683,2042.65755035626,777.3313682950592
CX138|260404|T003346|000043|well007,56,56,1.07485668577523,-25.177001953125,0.8,0.0,4.113231518747803,1791.9134306930491,1050.451864400992
CX138|260404|T003346|000043|well008,42,42,1.061525129982669,-25.177001953125,1.0,0.0,4.563050443768342,1911.044966140107,736.7886090721872
CX138|260404|T003346|000043|well009,60,60,0.8932142381015866,-31.47125244140625,1.0,0.0,4.630412972770129,2343.1662090528453,1248.9595266557176
CX138|260404|T003346|000043|well010,124,124,0.8432209038794829,-31.47125244140625,1.0,0.0,5.13305011171936,1325.4489420909754,1101.448754320294
CX138|260404|T003346|000043|well011,85,85,0.7632315691241168,-31.47125244140625,1.0,0.0,4.369635370841958,978.6370748763283,1176.729391355782
CX138|260404|T003346|000043|well012,78,78,1.064858018930809,-25.177001953125,1.0,0.0,3.8996406093177907,1828.576227695653,1143.9733557271056
CX138|260404|T003346|000043|well013,17,17,0.6232502333022264,-31.47125244140625,1.0,0.0,4.29987533179025,2024.587156378658,1215.511202448924
CX138|260404|T003346|000043|well014,48,48,1.2165044660711906,-25.177001953125,1.0,0.0,3.7984249829770036,1288.7984921423722,958.7488748885471
CX138|260404|T003346|000043|well015,81,81,0.7998933475536596,-31.47125244140625,1.0,0.0,4.788877621274555,1331.995738595758,844.8431565310232
CX138|260404|T003346|000043|well016,116,116,0.6082927804813013,-33.04481506347656,1.0,0.0,5.045180450003996,1741.8054210826494,983.5642565408058
CX138|260404|T003346|000043|well017,95,95,1.149846687108386,-31.47125244140625,1.0,0.0,4.872515999461634,1645.799038972347,1289.104486495686
CX138|260404|T003346|000043|well018,88,88,0.7632315691241169,-25.177001953125,1.0,0.0,4.018707256916056,1277.2953347030395,1059.816135335685
CX138|260404|T003346|000043|well019,2,2,0.7265697906945742,-100.70800781250003,1.0,0.0,11.523910962921088,3516.878769002631,453.4742646261195
CX138|260404|T003346|000043|well020,110,110,0.5932542327689643,-25.177001953125,1.0,0.0,4.0783180700912025,1818.4591098064188,953.6123734281205
CX138|260404|T003346|000043|well021,50,50,0.7132382349020132,-28.324127197265625,1.0,0.0,4.306224938486014,2301.095787930767,1088.839410527379
CX138|260404|T003346|000043|well023,94,94,0.8132249033462206,-25.177001953125,1.0,0.0,4.172406558371527,2569.2846422264874,1051.073596853609
CX138|260404|T003346|000044|well000,108,108,0.7399013464871351,-31.47125244140625,1.0,0.0,4.224127054268739,1882.74390913679,1268.75
CX138|260404|T003346|000044|well001,141,141,0.8032262365017998,-31.47125244140625,1.0,0.0,4.755848465837038,2297.778447670761,790.0972877617083
CX138|260404|T003346|000044|well002,194,194,0.9448740167977604,-31.47125244140625,1.0,0.0,4.048184125104379,2083.0340556509927,922.4098104749396
CX138|260404|T003346|000044|well003,59,59,0.7499000133315559,-31.47125244140625,1.0,0.0,4.078184458246924,2135.0,822.4999999999945
CX138|260404|T003346|000044|well004,146,146,0.7715637914944675,-31.47125244140625,1.0,0.0,4.0784366306042825,1283.383989256406,1037.685233228373
CX138|260404|T003346|000044|well005,222,222,0.5482602319690708,-31.47125244140625,1.0,0.0,4.35398527955587,1930.83032203617,1076.2500000400755
CX138|260404|T003346|000044|well006,54,54,0.9532062391681111,-31.47125244140625,1.0,0.0,3.853721339418322,1881.25,710.7272212228529
CX138|260404|T003346|000044|well007,61,61,0.7598986801759766,-31.47125244140625,1.0,0.0,4.812369081262028,2029.999999999983,868.278078596355
CX138|260404|T003346|000044|well008,58,58,0.886548460205306,-31.47125244140625,1.0,0.0,4.303756305586013,1785.0,665.0
CX138|260404|T003346|000044|well009,122,122,1.0048660178642852,-31.47125244140625,1.0,0.0,4.3807865226296965,1963.9204418270851,1295.214368806331
CX138|260404|T003346|000044|well010,313,313,0.7533333333333333,-31.47125244140625,1.0,0.0,4.600023729779739,1551.086598684703,1191.892650637611
CX138|260404|T003346|000044|well011,216,216,0.7499000133315559,-31.47125244140625,1.0,0.0,4.353777700200089,1211.480240201311,1101.3164294588355
CX138|260404|T003346|000044|well012,167,167,0.6632449006799094,-31.47125244140625,1.0,0.0,4.200234375007984,1455.695582929066,1067.5
CX138|260404|T003346|000044|well013,19,19,0.5465937874950008,-37.7655029296875,1.0,0.0,4.489421290763076,2170.550838114228,1067.439315517185
CX138|260404|T003346|000044|well014,124,124,0.8032262365017999,-31.47125244140625,1.0,0.0,4.455513458985344,1379.318933559139,1109.7339575965555
CX138|260404|T003346|000044|well015,145,145,0.5399280095987202,-31.47125244140625,1.0,0.0,4.643604359371061,1662.499999999994,947.8834120694673
CX138|260404|T003346|000044|well016,328,328,0.6649113451539795,-31.47125244140625,1.0,0.0,4.722585078465142,1500.0032594428703,907.721671842377
CX138|260404|T003346|000044|well017,166,166,0.7882282362351687,-31.47125244140625,1.0,0.0,4.470000683687452,1554.899267683128,1221.6959784867158
CX138|260404|T003346|000044|well018,139,139,0.8833333333333333,-31.47125244140625,1.0,0.0,4.372117039809103,1424.727857517536,980.0835051409916
CX138|260404|T003346|000044|well019,5,5,0.5033333333333333,-25.177001953125,0.8,0.0,5.001873296160012,3488.589553038454,875.0
CX138|260404|T003346|000044|well020,165,165,0.5166666666666667,-31.47125244140625,1.0,0.0,4.1181346512729,1460.078686113302,1155.0
CX138|260404|T003346|000044|well021,108,108,1.0433333333333334,-31.47125244140625,1.0,0.0,4.151999969750152,2615.6571912094114,1049.9999999999986
CX138|260404|T003346|000044|well023,219,219,0.6266666666666667,-31.47125244140625,1.0,0.0,4.463896959205525,2135.000000046604,940.9448247407051
CX138|260405|T003346|000048|well000,110,110,0.6283333333333333,-31.47125244140625,1.0,0.0,4.35258303557842,2110.964007181544,1040.8400636752458
CX138|260405|T003346|000048|well001,33,33,0.87,-31.47125244140625,1.0,0.0,4.326180845244126,2857.964551825115,840.1148581269562
CX138|260405|T003346|000048|well002,61,61,0.8266666666666667,-31.47125244140625,1.0,0.0,4.156208990888562,2352.019796962345,809.2890313572417
CX138|260405|T003346|000048|well003,208,208,0.525,-31.47125244140625,1.0,0.0,4.1168033607682055,1925.3792705485375,923.6848006168825
CX138|260405|T003346|000048|well004,106,106,0.715,-31.47125244140625,1.0,0.0,4.268022854578044,1804.2400548889336,1073.8098868806476
CX138|260405|T003346|000048|well005,183,183,0.6,-31.47125244140625,1.0,0.0,4.63149665315064,1938.376304549403,1105.917574766346
CX138|260405|T003346|000048|well006,59,59,0.979869350753233,-31.47125244140625,1.0,0.0,4.013901849257034,1948.438146092067,848.2635742059559
CX138|260405|T003346|000048|well007,24,24,1.0648580189308094,-31.47125244140625,1.0,0.0,3.9332887897376265,2281.7123443317405,1059.758182176658
CX138|260405|T003346|000048|well008,110,110,1.0381949073456869,-31.47125244140625,1.0,0.0,4.220283484001764,2286.0263925299146,949.7614065978114
CX138|260405|T003346|000048|well009,123,123,0.6665777896280497,-31.47125244140625,1.0,0.0,4.486713111766139,2208.369713955958,1177.490452805247
CX138|260405|T003346|000048|well010,179,179,0.7632315691241168,-31.47125244140625,1.0,0.0,4.702482419064027,1816.341519089746,1080.043056366078
CX138|260405|T003346|000048|well011,182,182,0.9882015731235836,-37.7655029296875,1.0,0.0,5.173143319636411,1732.65052754161,1111.3256007423345
CX138|260405|T003346|000048|well012,102,102,0.646494268195148,-31.47125244140625,1.0,0.0,4.106194954345723,1857.4924327253543,1215.220018899772
CX138|260405|T003346|000048|well013,139,139,0.8364436150359904,-31.47125244140625,1.0,0.0,5.601821449656536,2006.633603704164,1257.697677528083
CX138|260405|T003346|000048|well014,113,113,1.559584110903759,-37.7655029296875,1.0,0.0,4.872517225806841,1855.85696712648,948.9564832498071
CX138|260405|T003346|000048|well015,135,135,0.7464676086376967,-31.47125244140625,1.0,0.0,4.581052987003909,1565.158790630675,955.9928704753672
CX138|260405|T003346|000048|well016,149,149,0.4832044788056519,-37.7655029296875,1.0,0.0,5.165244191390382,1984.971589080389,862.5233148332578
CX138|260405|T003346|000048|well017,118,118,1.036390295921088,-37.7655029296875,1.0,0.0,4.799361033269417,1695.1931749092514,1274.4101888879632
CX138|260405|T003346|000048|well018,58,58,0.8782162378349554,-31.47125244140625,1.0,0.0,4.441229398805724,1405.0439994237104,1121.3223558845089
CX138|260405|T003346|000048|well021,97,97,0.8032262365017998,-31.47125244140625,1.0,0.0,3.96600611966697,2145.264462391375,1125.238297357185
CX138|260405|T003346|000048|well023,155,155,0.7465671243834157,-31.47125244140625,1.0,0.0,4.168196106497044,1923.406093107476,837.6125414935264
